1.3869e-01,9.0535e-01,2.0000e+00
1.4991e-01,9.1016e-01,2.0000e+00
2.4432e-01,9.1934e-01,2.0000e+00
6.1333e-01,4.4312e-01,1.0000e+00
1.1161e-01,8.7920e-01,2.0000e+00
2.3636e-01,2.9687e-01,0.0000e+00
2.4087e-01,8.6984e-01,2.0000e+00
8.2042e-01,6.4397e-01,1.0000e+00
8.0403e-01,6.9014e-01,1.0000e+00
2.5451e-01,2.3514e-01,0.0000e+00
7.8165e-01,7.6197e-01,1.0000e+00
1.4779e-01,7.3816e-01,2.0000e+00
8.8555e-01,4.9543e-01,1.0000e+00
2.7778e-01,3.9460e-01,0.0000e+00
6.8758e-01,4.3386e-01,1.0000e+00
2.3948e-01,8.5424e-01,2.0000e+00
3.4038e-01,7.7309e-01,2.0000e+00
2.4365e-01,8.9217e-01,2.0000e+00
1.8670e-01,7.3459e-01,2.0000e+00
2.0217e-01,3.2885e-01,0.0000e+00
2.4203e-01,3.0194e-01,0.0000e+00
7.1187e-01,6.4358e-01,1.0000e+00
7.9629e-01,4.3599e-01,1.0000e+00
7.9297e-01,8.7227e-01,1.0000e+00
1.9207e-01,8.0707e-01,2.0000e+00
6.6308e-01,4.4768e-01,1.0000e+00
2.8736e-01,2.4761e-01,0.0000e+00
2.2170e-01,2.8766e-01,0.0000e+00
6.6509e-01,7.4901e-01,1.0000e+00
7.5530e-01,5.3212e-01,1.0000e+00
2.2401e-01,8.7614e-01,2.0000e+00
1.9952e-01,8.8807e-01,2.0000e+00
2.6921e-01,3.6158e-01,0.0000e+00
2.4999e-01,8.8056e-01,2.0000e+00
2.7002e-01,8.2342e-01,2.0000e+00
2.0042e-01,8.4840e-01,2.0000e+00
2.9107e-01,2.7966e-01,0.0000e+00
7.1475e-01,4.4490e-01,1.0000e+00
3.4409e-01,8.9513e-01,2.0000e+00
6.6654e-01,5.3407e-01,1.0000e+00
3.4768e-01,7.9179e-01,2.0000e+00
1.8493e-01,7.8780e-01,2.0000e+00
2.1806e-01,2.0060e-01,0.0000e+00
2.2091e-01,9.0053e-01,2.0000e+00
2.5348e-01,3.3517e-01,0.0000e+00
2.4676e-01,3.7199e-01,0.0000e+00
2.7749e-01,2.8877e-01,0.0000e+00
6.5074e-01,4.7626e-01,1.0000e+00
7.8668e-01,4.7321e-01,1.0000e+00
2.4073e-01,7.5086e-01,2.0000e+00
1.7425e-01,7.3295e-01,2.0000e+00
1.5961e-01,7.5618e-01,2.0000e+00
6.0214e-01,6.6628e-01,1.0000e+00
6.6590e-01,7.1322e-01,1.0000e+00
1.3340e-01,8.1787e-01,2.0000e+00
8.8427e-01,6.0023e-01,1.0000e+00
3.1903e-01,7.2013e-01,2.0000e+00
3.4815e-01,8.1685e-01,2.0000e+00
2.3686e-01,3.5155e-01,0.0000e+00
9.1521e-01,6.0193e-01,1.0000e+00
6.1097e-01,4.5038e-01,1.0000e+00
8.0711e-01,5.6506e-01,1.0000e+00
8.5632e-01,4.5533e-01,1.0000e+00
2.3886e-01,9.2236e-01,2.0000e+00
2.3649e-01,8.5962e-01,2.0000e+00
2.3956e-01,3.7601e-01,0.0000e+00
6.1980e-01,6.3008e-01,1.0000e+00
6.6462e-01,5.8592e-01,1.0000e+00
6.6847e-01,4.9030e-01,1.0000e+00
1.2998e-01,9.1238e-01,2.0000e+00
2.4706e-01,3.0218e-01,0.0000e+00
2.7716e-01,2.4770e-01,0.0000e+00
2.6706e-01,2.1354e-01,0.0000e+00
2.8752e-01,2.9169e-01,0.0000e+00
2.0777e-01,3.6326e-01,0.0000e+00
2.9187e-01,7.3253e-01,2.0000e+00
1.4370e-01,8.9190e-01,2.0000e+00
2.2082e-01,3.7117e-01,0.0000e+00
9.1230e-01,7.4758e-01,1.0000e+00
1.5649e-01,8.6633e-01,2.0000e+00
6.2196e-01,5.1493e-01,1.0000e+00
2.8297e-01,2.7431e-01,0.0000e+00
9.0375e-01,5.9282e-01,1.0000e+00
6.5062e-01,5.7099e-01,1.0000e+00
2.9646e-01,2.1111e-01,0.0000e+00
1.2460e-01,7.2583e-01,2.0000e+00
1.1155e-01,7.0796e-01,2.0000e+00
2.8914e-01,3.0352e-01,0.0000e+00
7.1884e-01,5.2078e-01,1.0000e+00
1.5697e-01,7.2532e-01,2.0000e+00
6.9289e-01,8.3757e-01,1.0000e+00
6.9823e-01,4.2666e-01,1.0000e+00
2.4896e-01,8.6442e-01,2.0000e+00
2.3996e-01,2.2352e-01,0.0000e+00
2.4304e-01,7.8963e-01,2.0000e+00
2.6667e-01,3.7287e-01,0.0000e+00
3.1379e-01,9.0516e-01,2.0000e+00
2.7066e-01,7.6656e-01,2.0000e+00
1.3667e-01,7.3946e-01,2.0000e+00
2.5021e-01,2.3611e-01,0.0000e+00
2.4406e-01,8.1850e-01,2.0000e+00
2.7745e-01,2.7128e-01,0.0000e+00
7.8373e-01,8.2048e-01,1.0000e+00
7.0540e-01,6.3170e-01,1.0000e+00
1.8586e-01,8.8471e-01,2.0000e+00
7.6662e-01,5.1002e-01,1.0000e+00
6.6906e-01,4.0760e-01,1.0000e+00
8.7849e-01,4.4104e-01,1.0000e+00
2.7108e-01,2.4334e-01,0.0000e+00
7.5731e-01,4.0393e-01,1.0000e+00
2.4341e-01,2.8422e-01,0.0000e+00
7.9778e-01,5.1787e-01,1.0000e+00
2.4729e-01,3.1180e-01,0.0000e+00
8.3402e-01,8.1028e-01,1.0000e+00
2.5227e-01,3.6829e-01,0.0000e+00
2.5246e-01,3.7171e-01,0.0000e+00
6.0105e-01,4.3985e-01,1.0000e+00
2.6741e-01,2.7568e-01,0.0000e+00
3.0160e-01,9.1526e-01,2.0000e+00
1.2301e-01,8.9181e-01,2.0000e+00
2.4367e-01,2.3622e-01,0.0000e+00
2.3673e-01,8.1548e-01,2.0000e+00
2.3350e-01,3.9179e-01,0.0000e+00
2.4386e-01,3.6311e-01,0.0000e+00
2.7695e-01,3.8465e-01,0.0000e+00
1.0147e-01,7.4420e-01,2.0000e+00
7.8083e-01,6.6277e-01,1.0000e+00
2.5646e-01,8.0529e-01,2.0000e+00
2.5259e-01,3.3609e-01,0.0000e+00
6.7878e-01,7.2476e-01,1.0000e+00
2.8694e-01,2.8640e-01,0.0000e+00
2.8008e-01,2.7073e-01,0.0000e+00
1.5183e-01,8.4918e-01,2.0000e+00
6.6949e-01,6.6914e-01,1.0000e+00
8.0807e-01,8.8774e-01,1.0000e+00
6.8666e-01,7.8410e-01,1.0000e+00
7.6633e-01,7.7276e-01,1.0000e+00
7.3914e-01,4.8877e-01,1.0000e+00
8.0588e-01,4.0328e-01,1.0000e+00
9.2869e-01,4.6649e-01,1.0000e+00
2.1348e-01,3.0543e-01,0.0000e+00
1.5449e-01,7.0670e-01,2.0000e+00
6.5196e-01,7.1523e-01,1.0000e+00
1.0445e-01,8.3037e-01,2.0000e+00
2.1540e-01,7.9994e-01,2.0000e+00
1.7554e-01,7.5916e-01,2.0000e+00
8.9241e-01,8.2659e-01,1.0000e+00
6.1863e-01,5.5168e-01,1.0000e+00
2.6245e-01,3.0565e-01,0.0000e+00
2.8156e-01,2.9852e-01,0.0000e+00
7.6874e-01,4.0312e-01,1.0000e+00
1.4951e-01,9.2782e-01,2.0000e+00
3.2613e-01,7.2715e-01,2.0000e+00
7.1248e-01,7.5849e-01,1.0000e+00
7.0536e-01,6.9267e-01,1.0000e+00
2.4900e-01,3.7345e-01,0.0000e+00
2.3829e-01,2.5548e-01,0.0000e+00
7.7626e-01,4.3716e-01,1.0000e+00
2.0318e-01,8.2063e-01,2.0000e+00
2.9775e-01,8.0150e-01,2.0000e+00
8.3621e-01,7.5857e-01,1.0000e+00
1.6842e-01,7.3888e-01,2.0000e+00
2.2260e-01,7.3024e-01,2.0000e+00
1.8769e-01,8.0268e-01,2.0000e+00
2.2331e-01,3.4153e-01,0.0000e+00
9.2432e-01,8.9163e-01,1.0000e+00
7.0621e-01,7.0717e-01,1.0000e+00
2.2515e-01,7.8300e-01,2.0000e+00
2.5654e-01,3.6772e-01,0.0000e+00
2.1884e-01,2.8831e-01,0.0000e+00
6.0515e-01,8.0437e-01,1.0000e+00
6.0737e-01,4.1083e-01,1.0000e+00
2.1090e-01,2.4079e-01,0.0000e+00
7.1783e-01,4.4563e-01,1.0000e+00
1.5435e-01,8.4306e-01,2.0000e+00
2.1591e-01,7.5029e-01,2.0000e+00
2.9535e-01,3.3243e-01,0.0000e+00
1.9829e-01,8.9898e-01,2.0000e+00
2.1370e-01,2.4704e-01,0.0000e+00
2.1042e-01,2.1537e-01,0.0000e+00
2.7152e-01,8.0122e-01,2.0000e+00
2.5302e-01,8.4255e-01,2.0000e+00
3.4767e-01,7.8899e-01,2.0000e+00
6.1045e-01,7.4649e-01,1.0000e+00
2.4477e-01,2.0689e-01,0.0000e+00
8.1941e-01,6.9566e-01,1.0000e+00
1.2131e-01,9.4240e-01,2.0000e+00
2.9236e-01,2.7247e-01,0.0000e+00
6.6901e-01,4.3403e-01,1.0000e+00
8.6827e-01,5.3106e-01,1.0000e+00
7.7340e-01,4.1841e-01,1.0000e+00
2.5469e-01,2.1498e-01,0.0000e+00
2.4536e-01,2.6923e-01,0.0000e+00
2.8304e-01,2.3224e-01,0.0000e+00
3.0039e-01,9.3036e-01,2.0000e+00
1.0786e-01,7.2651e-01,2.0000e+00
6.8234e-01,6.8118e-01,1.0000e+00
1.0196e-01,8.6767e-01,2.0000e+00
2.4082e-01,2.2641e-01,0.0000e+00
2.8005e-01,3.1997e-01,0.0000e+00
2.9359e-01,3.9839e-01,0.0000e+00
2.4147e-01,3.9039e-01,0.0000e+00
2.4731e-01,3.4982e-01,0.0000e+00
8.4566e-01,6.6839e-01,1.0000e+00
2.5036e-01,2.0297e-01,0.0000e+00
9.1502e-01,6.1795e-01,1.0000e+00
8.4228e-01,6.3936e-01,1.0000e+00
2.0959e-01,2.7581e-01,0.0000e+00
7.9755e-01,4.9298e-01,1.0000e+00
3.0388e-01,9.4052e-01,2.0000e+00
1.3078e-01,7.3669e-01,2.0000e+00
1.2542e-01,8.2573e-01,2.0000e+00
1.4534e-01,7.5674e-01,2.0000e+00
2.9466e-01,2.7181e-01,0.0000e+00
2.8572e-01,7.0098e-01,2.0000e+00
6.9418e-01,4.7543e-01,1.0000e+00
2.3701e-01,2.9745e-01,0.0000e+00
7.3532e-01,5.7763e-01,1.0000e+00
2.5921e-01,8.5886e-01,2.0000e+00
6.5578e-01,7.9079e-01,1.0000e+00
8.3715e-01,6.6627e-01,1.0000e+00
8.3255e-01,6.3600e-01,1.0000e+00
7.4285e-01,5.3905e-01,1.0000e+00
8.8341e-01,6.3539e-01,1.0000e+00
3.1089e-01,8.4614e-01,2.0000e+00
2.0134e-01,3.3677e-01,0.0000e+00
7.4521e-01,7.4928e-01,1.0000e+00
2.6752e-01,3.4472e-01,0.0000e+00
2.5252e-01,2.8304e-01,0.0000e+00
3.4608e-01,8.4399e-01,2.0000e+00
2.3269e-01,3.4883e-01,0.0000e+00
2.6404e-01,2.2431e-01,0.0000e+00
8.6810e-01,7.4951e-01,1.0000e+00
8.3013e-01,7.3332e-01,1.0000e+00
2.0884e-01,3.2406e-01,0.0000e+00
7.8994e-01,4.2380e-01,1.0000e+00
2.7209e-01,2.8651e-01,0.0000e+00
2.7401e-01,3.1225e-01,0.0000e+00
2.5567e-01,3.5012e-01,0.0000e+00
1.3862e-01,7.2013e-01,2.0000e+00
2.9924e-01,8.4613e-01,2.0000e+00
2.0381e-01,2.1155e-01,0.0000e+00
2.1038e-01,7.6228e-01,2.0000e+00
2.4208e-01,3.7170e-01,0.0000e+00
1.4007e-01,7.5662e-01,2.0000e+00
2.2894e-01,8.6150e-01,2.0000e+00
2.3291e-01,2.4716e-01,0.0000e+00
2.2506e-01,3.6527e-01,0.0000e+00
2.3154e-01,8.1374e-01,2.0000e+00
3.4614e-01,8.3464e-01,2.0000e+00
1.9633e-01,9.0994e-01,2.0000e+00
1.6327e-01,9.0912e-01,2.0000e+00
2.8694e-01,2.0093e-01,0.0000e+00
7.0161e-01,8.5446e-01,1.0000e+00
2.0927e-01,9.0928e-01,2.0000e+00
2.9775e-01,3.1367e-01,0.0000e+00
2.6325e-01,2.2001e-01,0.0000e+00
1.4563e-01,8.7471e-01,2.0000e+00
1.2645e-01,9.1880e-01,2.0000e+00
2.3988e-01,2.0049e-01,0.0000e+00
8.9589e-01,8.4152e-01,1.0000e+00
8.0363e-01,5.5234e-01,1.0000e+00
2.2785e-01,2.5615e-01,0.0000e+00
1.1405e-01,8.0276e-01,2.0000e+00
2.5130e-01,3.3001e-01,0.0000e+00
2.6360e-01,3.8595e-01,0.0000e+00
2.4057e-01,7.0707e-01,2.0000e+00
6.2542e-01,6.4594e-01,1.0000e+00
6.2293e-01,7.6307e-01,1.0000e+00
2.8708e-01,9.2324e-01,2.0000e+00
2.9556e-01,7.0109e-01,2.0000e+00
9.1751e-01,4.0457e-01,1.0000e+00
2.3226e-01,2.0497e-01,0.0000e+00
2.7816e-01,8.5358e-01,2.0000e+00
2.8353e-01,8.5780e-01,2.0000e+00
1.0730e-01,7.6639e-01,2.0000e+00
2.5661e-01,7.0909e-01,2.0000e+00
7.4506e-01,8.7259e-01,1.0000e+00
1.1049e-01,7.6744e-01,2.0000e+00
8.2864e-01,7.2661e-01,1.0000e+00
1.8433e-01,8.8715e-01,2.0000e+00
1.4908e-01,9.1310e-01,2.0000e+00
8.0284e-01,7.2535e-01,1.0000e+00
1.9220e-01,7.3950e-01,2.0000e+00
2.8123e-01,2.0697e-01,0.0000e+00
2.6690e-01,7.4870e-01,2.0000e+00
7.5149e-01,7.6628e-01,1.0000e+00
1.4096e-01,7.6139e-01,2.0000e+00
8.1810e-01,8.9946e-01,1.0000e+00
2.7579e-01,8.4008e-01,2.0000e+00
8.2080e-01,5.4132e-01,1.0000e+00
2.1273e-01,3.3036e-01,0.0000e+00
1.2842e-01,7.6864e-01,2.0000e+00
2.8011e-01,3.9493e-01,0.0000e+00
2.4088e-01,3.3784e-01,0.0000e+00
3.0665e-01,8.6921e-01,2.0000e+00
2.8739e-01,3.3388e-01,0.0000e+00
2.5251e-01,2.4517e-01,0.0000e+00
7.2034e-01,7.7881e-01,1.0000e+00
2.9357e-01,3.9726e-01,0.0000e+00
7.9258e-01,7.4398e-01,1.0000e+00
6.5641e-01,8.1549e-01,1.0000e+00
2.6569e-01,3.3550e-01,0.0000e+00
2.2124e-01,2.7706e-01,0.0000e+00
3.4590e-01,9.3129e-01,2.0000e+00
2.9099e-01,3.9082e-01,0.0000e+00
8.4496e-01,7.4828e-01,1.0000e+00
2.4777e-01,3.5816e-01,0.0000e+00
1.0175e-01,8.0797e-01,2.0000e+00
2.1092e-01,3.0467e-01,0.0000e+00
6.2656e-01,7.7692e-01,1.0000e+00
9.2911e-01,5.2317e-01,1.0000e+00
1.5733e-01,8.7566e-01,2.0000e+00
2.5674e-01,9.2241e-01,2.0000e+00
1.8613e-01,8.9160e-01,2.0000e+00
6.0560e-01,4.1356e-01,1.0000e+00
2.2257e-01,3.7070e-01,0.0000e+00
6.6053e-01,5.1799e-01,1.0000e+00
2.8332e-01,2.8552e-01,0.0000e+00
7.1609e-01,6.7161e-01,1.0000e+00
2.3290e-01,3.5167e-01,0.0000e+00
2.1353e-01,3.1973e-01,0.0000e+00
1.9027e-01,7.0407e-01,2.0000e+00
2.8308e-01,2.6373e-01,0.0000e+00
1.3982e-01,7.9627e-01,2.0000e+00
2.2157e-01,2.0698e-01,0.0000e+00
2.7749e-01,2.1074e-01,0.0000e+00
2.0605e-01,2.0361e-01,0.0000e+00
2.7502e-01,7.2348e-01,2.0000e+00
2.4507e-01,3.7942e-01,0.0000e+00
2.2571e-01,3.3624e-01,0.0000e+00
2.9133e-01,7.7489e-01,2.0000e+00
8.2822e-01,7.0327e-01,1.0000e+00
8.1592e-01,6.2905e-01,1.0000e+00
1.9374e-01,7.3874e-01,2.0000e+00
8.7854e-01,7.6454e-01,1.0000e+00
3.1339e-01,8.8814e-01,2.0000e+00
1.3332e-01,7.3580e-01,2.0000e+00
2.3005e-01,2.7525e-01,0.0000e+00
2.5130e-01,7.9013e-01,2.0000e+00
2.9893e-01,8.6994e-01,2.0000e+00
2.4292e-01,9.0003e-01,2.0000e+00
1.5999e-01,9.3510e-01,2.0000e+00
2.6911e-01,2.9271e-01,0.0000e+00
7.9337e-01,4.3276e-01,1.0000e+00
1.9453e-01,7.0664e-01,2.0000e+00
6.6403e-01,7.9323e-01,1.0000e+00
9.1974e-01,7.2809e-01,1.0000e+00
2.1614e-01,2.5722e-01,0.0000e+00
2.2897e-01,2.5562e-01,0.0000e+00
2.2263e-01,3.3884e-01,0.0000e+00
8.8768e-01,4.0844e-01,1.0000e+00
1.0455e-01,7.8574e-01,2.0000e+00
2.6545e-01,3.0977e-01,0.0000e+00
2.3722e-01,7.8668e-01,2.0000e+00
2.3497e-01,8.1343e-01,2.0000e+00
2.5859e-01,2.0284e-01,0.0000e+00
2.4739e-01,3.4571e-01,0.0000e+00
1.3967e-01,8.6210e-01,2.0000e+00
2.1372e-01,2.8495e-01,0.0000e+00
2.5984e-01,2.4325e-01,0.0000e+00
2.1625e-01,3.3079e-01,0.0000e+00
2.0917e-01,2.0414e-01,0.0000e+00
3.1996e-01,9.0179e-01,2.0000e+00
2.0655e-01,3.4444e-01,0.0000e+00
2.7895e-01,3.2482e-01,0.0000e+00
2.5458e-01,3.0808e-01,0.0000e+00
8.2021e-01,6.0526e-01,1.0000e+00
2.8093e-01,9.0264e-01,2.0000e+00
6.0560e-01,8.7208e-01,1.0000e+00
8.8914e-01,4.9455e-01,1.0000e+00
7.4588e-01,4.5369e-01,1.0000e+00
7.4964e-01,8.9627e-01,1.0000e+00
2.7865e-01,2.7175e-01,0.0000e+00
1.3012e-01,9.3964e-01,2.0000e+00
2.4176e-01,2.9340e-01,0.0000e+00
2.8749e-01,3.9968e-01,0.0000e+00
2.5161e-01,2.8491e-01,0.0000e+00
3.4615e-01,8.3185e-01,2.0000e+00
1.4594e-01,7.0626e-01,2.0000e+00
2.0987e-01,3.7069e-01,0.0000e+00
6.1985e-01,7.4195e-01,1.0000e+00
2.2576e-01,2.0904e-01,0.0000e+00
2.2018e-01,8.1241e-01,2.0000e+00
6.6655e-01,4.2012e-01,1.0000e+00
1.8708e-01,7.2236e-01,2.0000e+00
2.2647e-01,3.5765e-01,0.0000e+00
1.4408e-01,9.3524e-01,2.0000e+00
9.2606e-01,7.8121e-01,1.0000e+00
2.9320e-01,3.9281e-01,0.0000e+00
3.4231e-01,7.0959e-01,2.0000e+00
1.2013e-01,9.0311e-01,2.0000e+00
2.4164e-01,3.9833e-01,0.0000e+00
1.8007e-01,7.2507e-01,2.0000e+00
2.4290e-01,2.1732e-01,0.0000e+00
2.9238e-01,2.8868e-01,0.0000e+00
6.5718e-01,5.0943e-01,1.0000e+00
2.5927e-01,2.9952e-01,0.0000e+00
2.6520e-01,2.6524e-01,0.0000e+00
2.4790e-01,3.6743e-01,0.0000e+00
2.0635e-01,3.1413e-01,0.0000e+00
1.0624e-01,9.4796e-01,2.0000e+00
8.6781e-01,4.6008e-01,1.0000e+00
7.7273e-01,5.3800e-01,1.0000e+00
2.3285e-01,3.3377e-01,0.0000e+00
8.5705e-01,6.8534e-01,1.0000e+00
6.8539e-01,6.1438e-01,1.0000e+00
6.5958e-01,5.6562e-01,1.0000e+00
2.4732e-01,3.6135e-01,0.0000e+00
8.2805e-01,4.0725e-01,1.0000e+00
2.3451e-01,3.5235e-01,0.0000e+00
2.7742e-01,2.0909e-01,0.0000e+00
6.5707e-01,8.9927e-01,1.0000e+00
2.5610e-01,7.8764e-01,2.0000e+00
2.3613e-01,8.2688e-01,2.0000e+00
1.3907e-01,7.7871e-01,2.0000e+00
2.0950e-01,3.9846e-01,0.0000e+00
9.1609e-01,4.4168e-01,1.0000e+00
2.2121e-01,2.8855e-01,0.0000e+00
3.0372e-01,9.3452e-01,2.0000e+00
2.0286e-01,3.3672e-01,0.0000e+00
8.4606e-01,8.8946e-01,1.0000e+00
1.5477e-01,7.6242e-01,2.0000e+00
6.0421e-01,8.4948e-01,1.0000e+00
2.0648e-01,3.6747e-01,0.0000e+00
1.3991e-01,7.2906e-01,2.0000e+00
8.8157e-01,4.3875e-01,1.0000e+00
1.9492e-01,9.3142e-01,2.0000e+00
2.1605e-01,7.7919e-01,2.0000e+00
2.9862e-01,9.0770e-01,2.0000e+00
1.9526e-01,9.3871e-01,2.0000e+00
6.3023e-01,6.5526e-01,1.0000e+00
2.4788e-01,2.3312e-01,0.0000e+00
2.1288e-01,3.1587e-01,0.0000e+00
1.5151e-01,7.3411e-01,2.0000e+00
1.0182e-01,8.5677e-01,2.0000e+00
2.0239e-01,3.7645e-01,0.0000e+00
8.5089e-01,4.8659e-01,1.0000e+00
1.4237e-01,7.1648e-01,2.0000e+00
2.2812e-01,3.2027e-01,0.0000e+00
7.9413e-01,8.4457e-01,1.0000e+00
8.3078e-01,7.2932e-01,1.0000e+00
2.8627e-01,2.4525e-01,0.0000e+00
6.6179e-01,8.9343e-01,1.0000e+00
2.6187e-01,9.4234e-01,2.0000e+00
2.7422e-01,2.0903e-01,0.0000e+00
6.4957e-01,8.3351e-01,1.0000e+00
1.8355e-01,7.3843e-01,2.0000e+00
8.0591e-01,7.1551e-01,1.0000e+00
1.1304e-01,9.0492e-01,2.0000e+00
2.9792e-01,2.0271e-01,0.0000e+00
6.6512e-01,8.1426e-01,1.0000e+00
8.9992e-01,6.8695e-01,1.0000e+00
2.0618e-01,3.0148e-01,0.0000e+00
1.0395e-01,8.1870e-01,2.0000e+00
2.0083e-01,9.4290e-01,2.0000e+00
6.2003e-01,6.4488e-01,1.0000e+00
2.7918e-01,9.1018e-01,2.0000e+00
2.7867e-01,2.3061e-01,0.0000e+00
8.4597e-01,6.6930e-01,1.0000e+00
1.7845e-01,7.8277e-01,2.0000e+00
2.1392e-01,2.7783e-01,0.0000e+00
7.5207e-01,4.6018e-01,1.0000e+00
2.7479e-01,8.2724e-01,2.0000e+00
2.0899e-01,2.7575e-01,0.0000e+00
2.7271e-01,2.9282e-01,0.0000e+00
2.9888e-01,3.3618e-01,0.0000e+00
1.2020e-01,7.4678e-01,2.0000e+00
2.4850e-01,2.0778e-01,0.0000e+00
7.1825e-01,6.8843e-01,1.0000e+00
6.9018e-01,4.8604e-01,1.0000e+00
3.4810e-01,9.4438e-01,2.0000e+00
1.0259e-01,9.2566e-01,2.0000e+00
2.2637e-01,2.2578e-01,0.0000e+00
6.5142e-01,7.7994e-01,1.0000e+00
1.5393e-01,7.2988e-01,2.0000e+00
1.7995e-01,8.0808e-01,2.0000e+00
2.0655e-01,3.5134e-01,0.0000e+00
6.6259e-01,4.4620e-01,1.0000e+00
3.1249e-01,9.1367e-01,2.0000e+00
2.8041e-01,2.6956e-01,0.0000e+00
2.0641e-01,2.9076e-01,0.0000e+00
6.0376e-01,5.3712e-01,1.0000e+00
8.4199e-01,5.9594e-01,1.0000e+00
2.6826e-01,2.7441e-01,0.0000e+00
7.4935e-01,5.7596e-01,1.0000e+00
2.8115e-01,3.8159e-01,0.0000e+00
6.1788e-01,4.6651e-01,1.0000e+00
1.8846e-01,7.7762e-01,2.0000e+00
2.3046e-01,2.6267e-01,0.0000e+00
6.0006e-01,5.6516e-01,1.0000e+00
2.0898e-01,2.1168e-01,0.0000e+00
3.2862e-01,7.7948e-01,2.0000e+00
2.8296e-01,8.7842e-01,2.0000e+00
1.9297e-01,7.5036e-01,2.0000e+00
2.7970e-01,3.8517e-01,0.0000e+00
2.8688e-01,9.2687e-01,2.0000e+00
2.5613e-01,8.9795e-01,2.0000e+00
2.1961e-01,7.7647e-01,2.0000e+00
2.1454e-01,3.8696e-01,0.0000e+00
1.5329e-01,7.7231e-01,2.0000e+00
2.3924e-01,2.3196e-01,0.0000e+00
2.3324e-01,3.5464e-01,0.0000e+00
8.5384e-01,8.9312e-01,1.0000e+00
8.0876e-01,7.6811e-01,1.0000e+00
2.1286e-01,2.4695e-01,0.0000e+00
8.8084e-01,6.3213e-01,1.0000e+00
8.8641e-01,5.7528e-01,1.0000e+00
7.2365e-01,7.9401e-01,1.0000e+00
1.8515e-01,9.4754e-01,2.0000e+00
2.8289e-01,2.7918e-01,0.0000e+00
2.1482e-01,2.3691e-01,0.0000e+00
2.7665e-01,2.7419e-01,0.0000e+00
3.3345e-01,9.1245e-01,2.0000e+00
7.3807e-01,7.7393e-01,1.0000e+00
2.9471e-01,3.8124e-01,0.0000e+00
2.7267e-01,7.6596e-01,2.0000e+00
2.9603e-01,2.5314e-01,0.0000e+00
1.7031e-01,7.8360e-01,2.0000e+00
6.7306e-01,7.7109e-01,1.0000e+00
6.1428e-01,6.9296e-01,1.0000e+00
2.0813e-01,7.2431e-01,2.0000e+00
8.4058e-01,6.5090e-01,1.0000e+00
1.0023e-01,7.2709e-01,2.0000e+00
7.8677e-01,5.9484e-01,1.0000e+00
2.2484e-01,3.0334e-01,0.0000e+00
8.6079e-01,5.9555e-01,1.0000e+00
6.1876e-01,4.7740e-01,1.0000e+00
8.7610e-01,6.8857e-01,1.0000e+00
6.0969e-01,4.9167e-01,1.0000e+00
7.8460e-01,5.5187e-01,1.0000e+00
2.4738e-01,2.1027e-01,0.0000e+00
8.9517e-01,8.0884e-01,1.0000e+00
2.7589e-01,2.2050e-01,0.0000e+00
2.7385e-01,3.1606e-01,0.0000e+00
2.5220e-01,3.7293e-01,0.0000e+00
2.2912e-01,9.0729e-01,2.0000e+00
8.7223e-01,7.0762e-01,1.0000e+00
2.8940e-01,8.9433e-01,2.0000e+00
2.3866e-01,2.7887e-01,0.0000e+00
6.3166e-01,4.2448e-01,1.0000e+00
2.1983e-01,9.0548e-01,2.0000e+00
1.3898e-01,7.6890e-01,2.0000e+00
8.5009e-01,8.8619e-01,1.0000e+00
2.8620e-01,3.7719e-01,0.0000e+00
3.4577e-01,7.1362e-01,2.0000e+00
7.5775e-01,4.0461e-01,1.0000e+00
1.6387e-01,7.0457e-01,2.0000e+00
6.3768e-01,4.2159e-01,1.0000e+00
1.0249e-01,7.8586e-01,2.0000e+00
8.4602e-01,5.0602e-01,1.0000e+00
2.3360e-01,2.3111e-01,0.0000e+00
2.7261e-01,3.2761e-01,0.0000e+00
7.1360e-01,8.4569e-01,1.0000e+00
2.5240e-01,3.5028e-01,0.0000e+00
1.1401e-01,7.5006e-01,2.0000e+00
2.5061e-01,3.0364e-01,0.0000e+00
2.3371e-01,3.1272e-01,0.0000e+00
1.7462e-01,7.3446e-01,2.0000e+00
1.1568e-01,7.6322e-01,2.0000e+00
2.0765e-01,3.1531e-01,0.0000e+00
2.0302e-01,2.4292e-01,0.0000e+00
2.2596e-01,3.5560e-01,0.0000e+00
2.7671e-01,3.9610e-01,0.0000e+00
2.1705e-01,3.1204e-01,0.0000e+00
2.2026e-01,3.8146e-01,0.0000e+00
1.7404e-01,8.8869e-01,2.0000e+00
2.7554e-01,3.9231e-01,0.0000e+00
1.3258e-01,9.1287e-01,2.0000e+00
2.2475e-01,3.1495e-01,0.0000e+00
7.3274e-01,7.5771e-01,1.0000e+00
2.8810e-01,3.9981e-01,0.0000e+00
2.6444e-01,2.2604e-01,0.0000e+00
1.3050e-01,8.4706e-01,2.0000e+00
2.3266e-01,2.6515e-01,0.0000e+00
7.9644e-01,5.0274e-01,1.0000e+00
1.6445e-01,7.9431e-01,2.0000e+00
6.1479e-01,7.3421e-01,1.0000e+00
9.0206e-01,6.4340e-01,1.0000e+00
2.1903e-01,8.3023e-01,2.0000e+00
2.3438e-01,7.7469e-01,2.0000e+00
2.5491e-01,3.6030e-01,0.0000e+00
2.4746e-01,7.0495e-01,2.0000e+00
1.2533e-01,8.1235e-01,2.0000e+00
1.8306e-01,8.9535e-01,2.0000e+00
2.6751e-01,3.6497e-01,0.0000e+00
3.2332e-01,7.5965e-01,2.0000e+00
6.6436e-01,7.8554e-01,1.0000e+00
2.8960e-01,8.6318e-01,2.0000e+00
7.2467e-01,5.9941e-01,1.0000e+00
7.1658e-01,5.6423e-01,1.0000e+00
1.9138e-01,8.6465e-01,2.0000e+00
8.5823e-01,8.1679e-01,1.0000e+00
2.9358e-01,3.8902e-01,0.0000e+00
8.5082e-01,5.9614e-01,1.0000e+00
2.2022e-01,2.1601e-01,0.0000e+00
7.5124e-01,6.9306e-01,1.0000e+00
2.7105e-01,7.6203e-01,2.0000e+00
8.5129e-01,7.3849e-01,1.0000e+00
2.9622e-01,8.8145e-01,2.0000e+00
2.6280e-01,3.4138e-01,0.0000e+00
7.8243e-01,7.0432e-01,1.0000e+00
2.8702e-01,2.0616e-01,0.0000e+00
7.8052e-01,4.7278e-01,1.0000e+00
1.9258e-01,8.4348e-01,2.0000e+00
7.8242e-01,6.4322e-01,1.0000e+00
2.3429e-01,7.1568e-01,2.0000e+00
2.6748e-01,3.0230e-01,0.0000e+00
2.6934e-01,3.4917e-01,0.0000e+00
2.5409e-01,2.5815e-01,0.0000e+00
2.1760e-01,3.6060e-01,0.0000e+00
2.9519e-01,3.8752e-01,0.0000e+00
8.2716e-01,8.1275e-01,1.0000e+00
2.7322e-01,2.4098e-01,0.0000e+00
1.7401e-01,9.3854e-01,2.0000e+00
2.7149e-01,3.1353e-01,0.0000e+00
3.0267e-01,8.2647e-01,2.0000e+00
7.7294e-01,6.2227e-01,1.0000e+00
2.0977e-01,2.7081e-01,0.0000e+00
8.7278e-01,4.4797e-01,1.0000e+00
2.8773e-01,3.8312e-01,0.0000e+00
1.9090e-01,8.7115e-01,2.0000e+00
6.5174e-01,6.8217e-01,1.0000e+00
3.2011e-01,8.6374e-01,2.0000e+00
7.4438e-01,8.8000e-01,1.0000e+00
2.7624e-01,3.8236e-01,0.0000e+00
2.0471e-01,2.9816e-01,0.0000e+00
1.0376e-01,7.2818e-01,2.0000e+00
2.8976e-01,7.7997e-01,2.0000e+00
7.8528e-01,4.1065e-01,1.0000e+00
6.6837e-01,5.8841e-01,1.0000e+00
1.8731e-01,8.5423e-01,2.0000e+00
2.4022e-01,2.8916e-01,0.0000e+00
8.8529e-01,8.0023e-01,1.0000e+00
2.1514e-01,2.3227e-01,0.0000e+00
1.3632e-01,8.8836e-01,2.0000e+00
7.0864e-01,5.3087e-01,1.0000e+00
1.0278e-01,8.1117e-01,2.0000e+00
2.0496e-01,2.5201e-01,0.0000e+00
2.0470e-01,2.3204e-01,0.0000e+00
2.7001e-01,3.7000e-01,0.0000e+00
2.3795e-01,7.3469e-01,2.0000e+00
3.4462e-01,8.4768e-01,2.0000e+00
6.6706e-01,4.8954e-01,1.0000e+00
2.4647e-01,3.9018e-01,0.0000e+00
8.3559e-01,6.2348e-01,1.0000e+00
7.5238e-01,7.5336e-01,1.0000e+00
2.8562e-01,3.4604e-01,0.0000e+00
2.6042e-01,8.7547e-01,2.0000e+00
8.1384e-01,7.9401e-01,1.0000e+00
2.7743e-01,3.9183e-01,0.0000e+00
1.1356e-01,7.3948e-01,2.0000e+00
2.9166e-01,3.0116e-01,0.0000e+00
8.7677e-01,6.0411e-01,1.0000e+00
6.9458e-01,5.0829e-01,1.0000e+00
1.9226e-01,7.1665e-01,2.0000e+00
3.3632e-01,7.4524e-01,2.0000e+00
3.0508e-01,8.8921e-01,2.0000e+00
2.6141e-01,2.5215e-01,0.0000e+00
6.6530e-01,6.5623e-01,1.0000e+00
1.6000e-01,7.0627e-01,2.0000e+00
2.7020e-01,3.5971e-01,0.0000e+00
1.3137e-01,8.9164e-01,2.0000e+00
2.3209e-01,2.5776e-01,0.0000e+00
6.5938e-01,7.3351e-01,1.0000e+00
3.2484e-01,9.2447e-01,2.0000e+00
1.8678e-01,9.2851e-01,2.0000e+00
3.2034e-01,8.7670e-01,2.0000e+00
6.6070e-01,4.7787e-01,1.0000e+00
2.9942e-01,7.1390e-01,2.0000e+00
6.8256e-01,5.7256e-01,1.0000e+00
6.1878e-01,7.0460e-01,1.0000e+00
2.6387e-01,9.0316e-01,2.0000e+00
7.1256e-01,8.5310e-01,1.0000e+00
6.4548e-01,4.1310e-01,1.0000e+00
6.4791e-01,6.5859e-01,1.0000e+00
2.0092e-01,9.3520e-01,2.0000e+00
2.8492e-01,2.2648e-01,0.0000e+00
7.6256e-01,8.9879e-01,1.0000e+00
2.9842e-01,9.2778e-01,2.0000e+00
2.5718e-01,3.9746e-01,0.0000e+00
9.1795e-01,5.1851e-01,1.0000e+00
2.3002e-01,7.0798e-01,2.0000e+00
2.5815e-01,3.9104e-01,0.0000e+00
2.6657e-01,9.2155e-01,2.0000e+00
2.0309e-01,9.3001e-01,2.0000e+00
7.2389e-01,8.6892e-01,1.0000e+00
1.1095e-01,9.4409e-01,2.0000e+00
2.1823e-01,8.2924e-01,2.0000e+00
1.9892e-01,8.6553e-01,2.0000e+00
1.4223e-01,8.7305e-01,2.0000e+00
2.6415e-01,3.9249e-01,0.0000e+00
6.1918e-01,8.6448e-01,1.0000e+00
7.5723e-01,5.5579e-01,1.0000e+00
2.7438e-01,8.1689e-01,2.0000e+00
2.5976e-01,3.2391e-01,0.0000e+00
6.9505e-01,7.5697e-01,1.0000e+00
2.3828e-01,2.0138e-01,0.0000e+00
2.5666e-01,2.1681e-01,0.0000e+00
2.0492e-01,3.7150e-01,0.0000e+00
2.4785e-01,9.4769e-01,2.0000e+00
7.7458e-01,4.8553e-01,1.0000e+00
2.4620e-01,9.4425e-01,2.0000e+00
2.3185e-01,7.9463e-01,2.0000e+00
2.7907e-01,7.7193e-01,2.0000e+00
2.9694e-01,2.1400e-01,0.0000e+00
2.1106e-01,3.6000e-01,0.0000e+00
1.9207e-01,8.3189e-01,2.0000e+00
6.7258e-01,7.5766e-01,1.0000e+00
8.8257e-01,6.2650e-01,1.0000e+00
1.3184e-01,7.3994e-01,2.0000e+00
8.9611e-01,5.5529e-01,1.0000e+00
2.1740e-01,2.0176e-01,0.0000e+00
2.0691e-01,3.4729e-01,0.0000e+00
1.4975e-01,7.0711e-01,2.0000e+00
2.5663e-01,2.1387e-01,0.0000e+00
8.4041e-01,5.0717e-01,1.0000e+00
2.3709e-01,2.8476e-01,0.0000e+00
2.5337e-01,8.2063e-01,2.0000e+00
6.9123e-01,8.0895e-01,1.0000e+00
2.7490e-01,9.3506e-01,2.0000e+00
8.4257e-01,7.7521e-01,1.0000e+00
2.0856e-01,3.8852e-01,0.0000e+00
1.3802e-01,8.3589e-01,2.0000e+00
1.2881e-01,9.2704e-01,2.0000e+00
6.7406e-01,6.2515e-01,1.0000e+00
2.9414e-01,7.8440e-01,2.0000e+00
9.0992e-01,4.8312e-01,1.0000e+00
2.1694e-01,3.5507e-01,0.0000e+00
6.0800e-01,5.5665e-01,1.0000e+00
1.2732e-01,9.4050e-01,2.0000e+00
2.0839e-01,2.1530e-01,0.0000e+00
3.3932e-01,7.0029e-01,2.0000e+00
2.9212e-01,3.5991e-01,0.0000e+00
2.6687e-01,7.6266e-01,2.0000e+00
9.1875e-01,7.3345e-01,1.0000e+00
2.9920e-01,2.3092e-01,0.0000e+00
2.1032e-01,9.0298e-01,2.0000e+00
2.0232e-01,3.3380e-01,0.0000e+00
8.1720e-01,5.0580e-01,1.0000e+00
9.1236e-01,8.4439e-01,1.0000e+00
7.2312e-01,6.7548e-01,1.0000e+00
1.1779e-01,8.4268e-01,2.0000e+00
2.3117e-01,3.7331e-01,0.0000e+00
2.1938e-01,7.8615e-01,2.0000e+00
7.2324e-01,8.8486e-01,1.0000e+00
2.2791e-01,2.7506e-01,0.0000e+00
7.4821e-01,8.1889e-01,1.0000e+00
2.2271e-01,2.2187e-01,0.0000e+00
8.8834e-01,8.6169e-01,1.0000e+00
1.1074e-01,9.1061e-01,2.0000e+00
2.8752e-01,2.2081e-01,0.0000e+00
2.5002e-01,8.8522e-01,2.0000e+00
8.0614e-01,4.8248e-01,1.0000e+00
2.0689e-01,2.8674e-01,0.0000e+00
2.6983e-01,8.9710e-01,2.0000e+00
8.4058e-01,7.1875e-01,1.0000e+00
8.6840e-01,5.3713e-01,1.0000e+00
1.5875e-01,8.9836e-01,2.0000e+00
2.7884e-01,8.4630e-01,2.0000e+00
8.3245e-01,4.7889e-01,1.0000e+00
1.0592e-01,8.6688e-01,2.0000e+00
2.6527e-01,7.2402e-01,2.0000e+00
8.8255e-01,7.2634e-01,1.0000e+00
2.3888e-01,9.1048e-01,2.0000e+00
2.5666e-01,3.9785e-01,0.0000e+00
2.3740e-01,3.7665e-01,0.0000e+00
2.3320e-01,3.9348e-01,0.0000e+00
1.7210e-01,7.8041e-01,2.0000e+00
2.6027e-01,3.1161e-01,0.0000e+00
8.7448e-01,5.6880e-01,1.0000e+00
2.3604e-01,2.0854e-01,0.0000e+00
2.7551e-01,3.1966e-01,0.0000e+00
2.8774e-01,8.7612e-01,2.0000e+00
2.1509e-01,2.5637e-01,0.0000e+00
7.8914e-01,6.2834e-01,1.0000e+00
2.6293e-01,2.6045e-01,0.0000e+00
2.9712e-01,8.6523e-01,2.0000e+00
2.6936e-01,3.6501e-01,0.0000e+00
1.0347e-01,8.0032e-01,2.0000e+00
2.7298e-01,7.3874e-01,2.0000e+00
1.6123e-01,8.3418e-01,2.0000e+00
9.2354e-01,4.7014e-01,1.0000e+00
1.0572e-01,7.1816e-01,2.0000e+00
9.1937e-01,7.4233e-01,1.0000e+00
2.3887e-01,2.4034e-01,0.0000e+00
7.1938e-01,6.1013e-01,1.0000e+00
1.7313e-01,7.8319e-01,2.0000e+00
2.4857e-01,3.7822e-01,0.0000e+00
2.3939e-01,3.3541e-01,0.0000e+00
2.5359e-01,3.0119e-01,0.0000e+00
2.9054e-01,8.6571e-01,2.0000e+00
3.2921e-01,8.7204e-01,2.0000e+00
1.5230e-01,7.3554e-01,2.0000e+00
8.2454e-01,5.3040e-01,1.0000e+00
7.6549e-01,7.9799e-01,1.0000e+00
1.5492e-01,8.5316e-01,2.0000e+00
3.4922e-01,8.7293e-01,2.0000e+00
1.7340e-01,7.6499e-01,2.0000e+00
6.8580e-01,5.7319e-01,1.0000e+00
6.5577e-01,7.4699e-01,1.0000e+00
2.1991e-01,7.1191e-01,2.0000e+00
2.5167e-01,7.1468e-01,2.0000e+00
2.8880e-01,2.1405e-01,0.0000e+00
6.2800e-01,5.2031e-01,1.0000e+00
8.5965e-01,4.4274e-01,1.0000e+00
7.9348e-01,4.8363e-01,1.0000e+00
2.7594e-01,3.8410e-01,0.0000e+00
1.1251e-01,7.9157e-01,2.0000e+00
2.9518e-01,3.0639e-01,0.0000e+00
2.1819e-01,8.5883e-01,2.0000e+00
7.1909e-01,8.4893e-01,1.0000e+00
2.7773e-01,7.7848e-01,2.0000e+00
2.2123e-01,9.0592e-01,2.0000e+00
9.2677e-01,6.0360e-01,1.0000e+00
3.0073e-01,9.0361e-01,2.0000e+00
2.6853e-01,2.9889e-01,0.0000e+00
2.9786e-01,3.7583e-01,0.0000e+00
1.6788e-01,7.1053e-01,2.0000e+00
9.2201e-01,8.5244e-01,1.0000e+00
1.7737e-01,9.3552e-01,2.0000e+00
2.3262e-01,2.0226e-01,0.0000e+00
2.3750e-01,2.1547e-01,0.0000e+00
2.3048e-01,3.2882e-01,0.0000e+00
2.4031e-01,3.4438e-01,0.0000e+00
3.2610e-01,8.1913e-01,2.0000e+00
3.0528e-01,8.1198e-01,2.0000e+00
2.6714e-01,9.4273e-01,2.0000e+00
8.5747e-01,4.4250e-01,1.0000e+00
2.4604e-01,3.1771e-01,0.0000e+00
6.8915e-01,8.3532e-01,1.0000e+00
1.4109e-01,9.3880e-01,2.0000e+00
3.3118e-01,8.9296e-01,2.0000e+00
2.9794e-01,2.1935e-01,0.0000e+00
6.4566e-01,7.3147e-01,1.0000e+00
2.7096e-01,3.6869e-01,0.0000e+00
8.8412e-01,4.9878e-01,1.0000e+00
2.4793e-01,3.8155e-01,0.0000e+00
2.7268e-01,2.9171e-01,0.0000e+00
7.4591e-01,8.0255e-01,1.0000e+00
8.6691e-01,7.6910e-01,1.0000e+00
8.8970e-01,8.7138e-01,1.0000e+00
1.9434e-01,8.5767e-01,2.0000e+00
8.7471e-01,4.1399e-01,1.0000e+00
2.1083e-01,2.4221e-01,0.0000e+00
1.6178e-01,7.4284e-01,2.0000e+00
8.0541e-01,5.6486e-01,1.0000e+00
7.7073e-01,7.6877e-01,1.0000e+00
2.8235e-01,2.6288e-01,0.0000e+00
9.3148e-01,7.6304e-01,1.0000e+00
2.9219e-01,3.1548e-01,0.0000e+00
7.4552e-01,7.0045e-01,1.0000e+00
2.1562e-01,9.3475e-01,2.0000e+00
6.3172e-01,8.4339e-01,1.0000e+00
2.4131e-01,3.4382e-01,0.0000e+00
2.4308e-01,9.4794e-01,2.0000e+00
2.6618e-01,7.5535e-01,2.0000e+00
7.0966e-01,5.9042e-01,1.0000e+00
2.6253e-01,3.3886e-01,0.0000e+00
2.1048e-01,2.1869e-01,0.0000e+00
7.1429e-01,8.9359e-01,1.0000e+00
2.2011e-01,2.9408e-01,0.0000e+00
2.1207e-01,3.0887e-01,0.0000e+00
2.7552e-01,3.3506e-01,0.0000e+00
2.9815e-01,2.9859e-01,0.0000e+00
8.1796e-01,5.4783e-01,1.0000e+00
3.1236e-01,9.2564e-01,2.0000e+00
8.6009e-01,7.5899e-01,1.0000e+00
8.0852e-01,8.5283e-01,1.0000e+00
6.3875e-01,8.4901e-01,1.0000e+00
2.4046e-01,3.9613e-01,0.0000e+00
7.6587e-01,5.9155e-01,1.0000e+00
7.4906e-01,7.3050e-01,1.0000e+00
1.4164e-01,8.1019e-01,2.0000e+00
1.5964e-01,7.7049e-01,2.0000e+00
2.7243e-01,7.0997e-01,2.0000e+00
2.3872e-01,3.8976e-01,0.0000e+00
8.0782e-01,6.8705e-01,1.0000e+00
2.5731e-01,2.4641e-01,0.0000e+00
1.6726e-01,7.3865e-01,2.0000e+00
2.2871e-01,9.3406e-01,2.0000e+00
1.1910e-01,7.1975e-01,2.0000e+00
2.5142e-01,2.9848e-01,0.0000e+00
3.1665e-01,7.4519e-01,2.0000e+00
2.5999e-01,2.0111e-01,0.0000e+00
8.1260e-01,6.6414e-01,1.0000e+00
2.4721e-01,3.6477e-01,0.0000e+00
2.0678e-01,2.2466e-01,0.0000e+00
2.5446e-01,9.1784e-01,2.0000e+00
2.5353e-01,3.8095e-01,0.0000e+00
8.3002e-01,4.8339e-01,1.0000e+00
2.4729e-01,3.7148e-01,0.0000e+00
2.9177e-01,2.6239e-01,0.0000e+00
2.3581e-01,3.4780e-01,0.0000e+00
8.8731e-01,5.8872e-01,1.0000e+00
2.0671e-01,3.8174e-01,0.0000e+00
2.3685e-01,8.4521e-01,2.0000e+00
3.4750e-01,7.1037e-01,2.0000e+00
1.8909e-01,9.3757e-01,2.0000e+00
2.6113e-01,2.9808e-01,0.0000e+00
9.2264e-01,8.7258e-01,1.0000e+00
3.0587e-01,9.0002e-01,2.0000e+00
8.0215e-01,4.8188e-01,1.0000e+00
6.5320e-01,5.2700e-01,1.0000e+00
6.0109e-01,6.3416e-01,1.0000e+00
3.3593e-01,8.9409e-01,2.0000e+00
2.2156e-01,2.2329e-01,0.0000e+00
9.1458e-01,4.7808e-01,1.0000e+00
2.2916e-01,3.5550e-01,0.0000e+00
2.3633e-01,2.6721e-01,0.0000e+00
3.0010e-01,7.0981e-01,2.0000e+00
7.4065e-01,4.3238e-01,1.0000e+00
8.3672e-01,7.0710e-01,1.0000e+00
2.2776e-01,3.3465e-01,0.0000e+00
6.1754e-01,7.2656e-01,1.0000e+00
1.8130e-01,7.1071e-01,2.0000e+00
6.7306e-01,8.4340e-01,1.0000e+00
3.3351e-01,9.4369e-01,2.0000e+00
6.5501e-01,6.5894e-01,1.0000e+00
3.2482e-01,8.8302e-01,2.0000e+00
9.2470e-01,4.8256e-01,1.0000e+00
1.4616e-01,8.0446e-01,2.0000e+00
7.1512e-01,5.9638e-01,1.0000e+00
2.8135e-01,2.2386e-01,0.0000e+00
2.1439e-01,3.7573e-01,0.0000e+00
2.8111e-01,8.7065e-01,2.0000e+00
3.2490e-01,7.7885e-01,2.0000e+00
7.1730e-01,5.6071e-01,1.0000e+00
8.5325e-01,5.9427e-01,1.0000e+00
6.9796e-01,5.5619e-01,1.0000e+00
2.3767e-01,8.3841e-01,2.0000e+00
8.1972e-01,7.5206e-01,1.0000e+00
2.0049e-01,2.0413e-01,0.0000e+00
3.1652e-01,7.4986e-01,2.0000e+00
1.2920e-01,7.7335e-01,2.0000e+00
8.0797e-01,4.9798e-01,1.0000e+00
8.9789e-01,8.8415e-01,1.0000e+00
9.2214e-01,8.7019e-01,1.0000e+00
7.7964e-01,4.9233e-01,1.0000e+00
8.1857e-01,8.3530e-01,1.0000e+00
2.3248e-01,7.8408e-01,2.0000e+00
8.0243e-01,6.3223e-01,1.0000e+00
2.1907e-01,3.9624e-01,0.0000e+00
7.1860e-01,8.9101e-01,1.0000e+00
2.7680e-01,2.9664e-01,0.0000e+00
8.9845e-01,6.9602e-01,1.0000e+00
2.1765e-01,9.1141e-01,2.0000e+00
8.0901e-01,4.9714e-01,1.0000e+00
2.2893e-01,3.2821e-01,0.0000e+00
2.0400e-01,3.1130e-01,0.0000e+00
2.1823e-01,8.8354e-01,2.0000e+00
2.2914e-01,2.5128e-01,0.0000e+00
8.1334e-01,5.3435e-01,1.0000e+00
2.7200e-01,2.9876e-01,0.0000e+00
1.3530e-01,9.4262e-01,2.0000e+00
9.2830e-01,8.4159e-01,1.0000e+00
2.6843e-01,8.4595e-01,2.0000e+00
2.4467e-01,3.5312e-01,0.0000e+00
6.2912e-01,6.7595e-01,1.0000e+00
1.6191e-01,9.0683e-01,2.0000e+00
8.6335e-01,8.2892e-01,1.0000e+00
2.4470e-01,2.4500e-01,0.0000e+00
2.3380e-01,7.4049e-01,2.0000e+00
8.5014e-01,8.9808e-01,1.0000e+00
2.5933e-01,2.9105e-01,0.0000e+00
8.8538e-01,5.7106e-01,1.0000e+00
8.4469e-01,6.2207e-01,1.0000e+00
2.9296e-01,3.8659e-01,0.0000e+00
2.0857e-01,2.3827e-01,0.0000e+00
2.2851e-01,3.6358e-01,0.0000e+00
2.5966e-01,2.6563e-01,0.0000e+00
2.7216e-01,3.1210e-01,0.0000e+00
8.8870e-01,5.0980e-01,1.0000e+00
6.2769e-01,7.6416e-01,1.0000e+00
8.1321e-01,7.3484e-01,1.0000e+00
7.4411e-01,8.5387e-01,1.0000e+00
7.0395e-01,7.3496e-01,1.0000e+00
2.8515e-01,2.9601e-01,0.0000e+00
2.9987e-01,3.0445e-01,0.0000e+00
8.8615e-01,4.8256e-01,1.0000e+00
7.5758e-01,7.7523e-01,1.0000e+00
2.4512e-01,3.4408e-01,0.0000e+00
1.5939e-01,9.3332e-01,2.0000e+00
2.3991e-01,3.4034e-01,0.0000e+00
8.5215e-01,5.6730e-01,1.0000e+00
2.9860e-01,2.9680e-01,0.0000e+00
2.6748e-01,8.4913e-01,2.0000e+00
9.1808e-01,4.6733e-01,1.0000e+00
2.8817e-01,3.0693e-01,0.0000e+00
2.5237e-01,2.2570e-01,0.0000e+00
6.0159e-01,4.2898e-01,1.0000e+00
1.7445e-01,9.2770e-01,2.0000e+00
2.1467e-01,2.2211e-01,0.0000e+00
2.0222e-01,3.1154e-01,0.0000e+00
1.5527e-01,7.9388e-01,2.0000e+00
2.9538e-01,3.8707e-01,0.0000e+00
8.8422e-01,6.2297e-01,1.0000e+00
7.6070e-01,4.7357e-01,1.0000e+00
7.5904e-01,4.7997e-01,1.0000e+00
6.2313e-01,7.5516e-01,1.0000e+00
2.6984e-01,2.4076e-01,0.0000e+00
2.9374e-01,8.1296e-01,2.0000e+00
2.8400e-01,2.6068e-01,0.0000e+00
9.1496e-01,4.6879e-01,1.0000e+00
1.5020e-01,7.3351e-01,2.0000e+00
2.2968e-01,2.8723e-01,0.0000e+00
6.8841e-01,4.2579e-01,1.0000e+00
1.8639e-01,7.9193e-01,2.0000e+00
2.1039e-01,3.3865e-01,0.0000e+00
2.9981e-01,2.6576e-01,0.0000e+00
2.2495e-01,2.4530e-01,0.0000e+00
1.9689e-01,7.7718e-01,2.0000e+00
8.1245e-01,7.7099e-01,1.0000e+00
1.9019e-01,8.6035e-01,2.0000e+00
2.0252e-01,3.1185e-01,0.0000e+00
2.4894e-01,7.0449e-01,2.0000e+00
1.3808e-01,7.9880e-01,2.0000e+00
8.1341e-01,7.1814e-01,1.0000e+00
8.3166e-01,6.9753e-01,1.0000e+00
2.7401e-01,3.0557e-01,0.0000e+00
1.3607e-01,7.6186e-01,2.0000e+00
2.6416e-01,2.1533e-01,0.0000e+00
6.5813e-01,4.2529e-01,1.0000e+00
1.1598e-01,7.2225e-01,2.0000e+00
6.2977e-01,6.9393e-01,1.0000e+00
1.7810e-01,9.2108e-01,2.0000e+00
1.8878e-01,7.3614e-01,2.0000e+00
3.4995e-01,8.7203e-01,2.0000e+00
6.6683e-01,8.7890e-01,1.0000e+00
2.3893e-01,2.0654e-01,0.0000e+00
1.2735e-01,7.4341e-01,2.0000e+00
2.9885e-01,3.8133e-01,0.0000e+00
2.4894e-01,8.7535e-01,2.0000e+00
2.0550e-01,3.2465e-01,0.0000e+00
2.1704e-01,2.9981e-01,0.0000e+00
2.6570e-01,8.6216e-01,2.0000e+00
9.2347e-01,4.1691e-01,1.0000e+00
2.2848e-01,3.3109e-01,0.0000e+00
1.1360e-01,9.3203e-01,2.0000e+00
2.3663e-01,3.8878e-01,0.0000e+00
7.5675e-01,4.1264e-01,1.0000e+00
9.0197e-01,6.0586e-01,1.0000e+00
1.1342e-01,8.8058e-01,2.0000e+00
2.0900e-01,3.5731e-01,0.0000e+00
7.3192e-01,7.1688e-01,1.0000e+00
2.5125e-01,9.0464e-01,2.0000e+00
2.4232e-01,8.2413e-01,2.0000e+00
2.3597e-01,2.6270e-01,0.0000e+00
1.9722e-01,8.0678e-01,2.0000e+00
2.0500e-01,7.1394e-01,2.0000e+00
7.1132e-01,5.0392e-01,1.0000e+00
3.2710e-01,7.8284e-01,2.0000e+00
3.4630e-01,8.1333e-01,2.0000e+00
3.3626e-01,8.0845e-01,2.0000e+00
2.6500e-01,3.7053e-01,0.0000e+00
1.6886e-01,8.6193e-01,2.0000e+00
1.3335e-01,7.5400e-01,2.0000e+00
2.1992e-01,9.2906e-01,2.0000e+00
1.0327e-01,7.2148e-01,2.0000e+00
2.3992e-01,3.0411e-01,0.0000e+00
2.4226e-01,2.1669e-01,0.0000e+00
2.9616e-01,7.9745e-01,2.0000e+00
2.6340e-01,8.9595e-01,2.0000e+00
8.6324e-01,5.1721e-01,1.0000e+00
7.0377e-01,6.6090e-01,1.0000e+00
1.1231e-01,9.0699e-01,2.0000e+00
2.8089e-01,3.6114e-01,0.0000e+00
2.8727e-01,2.5646e-01,0.0000e+00
1.9543e-01,7.0033e-01,2.0000e+00
2.8803e-01,9.2274e-01,2.0000e+00
2.2216e-01,7.6924e-01,2.0000e+00
2.2806e-01,9.1014e-01,2.0000e+00
8.6079e-01,8.3424e-01,1.0000e+00
1.3272e-01,7.2471e-01,2.0000e+00
7.9409e-01,4.0861e-01,1.0000e+00
2.7139e-01,3.0197e-01,0.0000e+00
7.8435e-01,4.5692e-01,1.0000e+00
7.5960e-01,5.1270e-01,1.0000e+00
6.5454e-01,8.8328e-01,1.0000e+00
8.3025e-01,4.3513e-01,1.0000e+00
2.7593e-01,8.4565e-01,2.0000e+00
1.2771e-01,7.8413e-01,2.0000e+00
1.0010e-01,9.1405e-01,2.0000e+00
2.5576e-01,2.5618e-01,0.0000e+00
8.3807e-01,6.4241e-01,1.0000e+00
2.1340e-01,8.6440e-01,2.0000e+00
9.2345e-01,4.3569e-01,1.0000e+00
2.8298e-01,8.7747e-01,2.0000e+00
2.4874e-01,3.2644e-01,0.0000e+00
2.4458e-01,3.6909e-01,0.0000e+00
1.8711e-01,8.9149e-01,2.0000e+00
3.2139e-01,8.4857e-01,2.0000e+00
8.1939e-01,4.3857e-01,1.0000e+00
3.2729e-01,9.0432e-01,2.0000e+00
8.3481e-01,8.7644e-01,1.0000e+00
2.5199e-01,7.3904e-01,2.0000e+00
2.4496e-01,2.3425e-01,0.0000e+00
6.3151e-01,7.6565e-01,1.0000e+00
8.8299e-01,5.7603e-01,1.0000e+00
9.2834e-01,5.1793e-01,1.0000e+00
1.8217e-01,8.7355e-01,2.0000e+00
2.0824e-01,3.1987e-01,0.0000e+00
8.4806e-01,8.4106e-01,1.0000e+00
7.5919e-01,7.8431e-01,1.0000e+00
2.5019e-01,2.5202e-01,0.0000e+00
8.6996e-01,8.5331e-01,1.0000e+00
2.0561e-01,3.4884e-01,0.0000e+00
3.4841e-01,8.4182e-01,2.0000e+00
9.3292e-01,8.4866e-01,1.0000e+00
7.3215e-01,6.2882e-01,1.0000e+00
7.2040e-01,4.6474e-01,1.0000e+00
7.5952e-01,7.2818e-01,1.0000e+00
8.0727e-01,7.9641e-01,1.0000e+00
2.5729e-01,2.3765e-01,0.0000e+00
2.8935e-01,2.5133e-01,0.0000e+00
2.4516e-01,2.7624e-01,0.0000e+00
2.4988e-01,2.6344e-01,0.0000e+00
7.6967e-01,7.9435e-01,1.0000e+00
2.2275e-01,7.6492e-01,2.0000e+00
7.2607e-01,4.2328e-01,1.0000e+00
1.1076e-01,7.8628e-01,2.0000e+00
8.5414e-01,6.9928e-01,1.0000e+00
2.2526e-01,2.5841e-01,0.0000e+00
6.0604e-01,4.2849e-01,1.0000e+00
2.2286e-01,2.5058e-01,0.0000e+00
2.8394e-01,3.6284e-01,0.0000e+00
2.4794e-01,8.3881e-01,2.0000e+00
2.2125e-01,2.6622e-01,0.0000e+00
6.0129e-01,6.4009e-01,1.0000e+00
2.1529e-01,8.0106e-01,2.0000e+00
6.2856e-01,4.2160e-01,1.0000e+00
2.7576e-01,2.5286e-01,0.0000e+00
2.4764e-01,3.8695e-01,0.0000e+00
2.8959e-01,8.2381e-01,2.0000e+00
2.6101e-01,3.0735e-01,0.0000e+00
2.8688e-01,3.3362e-01,0.0000e+00
9.2397e-01,5.9347e-01,1.0000e+00
2.1750e-01,2.6949e-01,0.0000e+00
3.0465e-01,8.8291e-01,2.0000e+00
7.6160e-01,5.4650e-01,1.0000e+00
2.4194e-01,8.8600e-01,2.0000e+00
7.1178e-01,8.8996e-01,1.0000e+00
3.2679e-01,8.7988e-01,2.0000e+00
1.8926e-01,7.5247e-01,2.0000e+00
2.4993e-01,8.1573e-01,2.0000e+00
6.4448e-01,4.8134e-01,1.0000e+00
2.2104e-01,7.8228e-01,2.0000e+00
2.2957e-01,3.4832e-01,0.0000e+00
2.5084e-01,7.2275e-01,2.0000e+00
1.7017e-01,7.4842e-01,2.0000e+00
2.2248e-01,2.3990e-01,0.0000e+00
2.9103e-01,3.1120e-01,0.0000e+00
6.6473e-01,5.2988e-01,1.0000e+00
1.6269e-01,7.4567e-01,2.0000e+00
2.9615e-01,3.0484e-01,0.0000e+00
1.8293e-01,9.4540e-01,2.0000e+00
6.0034e-01,6.0959e-01,1.0000e+00
1.3498e-01,8.9780e-01,2.0000e+00
2.7135e-01,3.0224e-01,0.0000e+00
2.0792e-01,8.8761e-01,2.0000e+00
6.5408e-01,4.0760e-01,1.0000e+00
3.1721e-01,7.4667e-01,2.0000e+00
2.7137e-01,3.2863e-01,0.0000e+00
8.4593e-01,8.8167e-01,1.0000e+00
8.4185e-01,5.0351e-01,1.0000e+00
1.2012e-01,7.1298e-01,2.0000e+00
1.1036e-01,8.3623e-01,2.0000e+00
2.7238e-01,3.9319e-01,0.0000e+00
2.6226e-01,8.5580e-01,2.0000e+00
2.0006e-01,8.0674e-01,2.0000e+00
8.0196e-01,7.1145e-01,1.0000e+00
2.3736e-01,2.2364e-01,0.0000e+00
2.2676e-01,8.9461e-01,2.0000e+00
2.1226e-01,2.6320e-01,0.0000e+00
2.6693e-01,2.6276e-01,0.0000e+00
2.5160e-01,3.8565e-01,0.0000e+00
8.3130e-01,5.9072e-01,1.0000e+00
1.7369e-01,9.1401e-01,2.0000e+00
7.5992e-01,4.1558e-01,1.0000e+00
3.4162e-01,7.9818e-01,2.0000e+00
1.8100e-01,9.1822e-01,2.0000e+00
1.4888e-01,7.8445e-01,2.0000e+00
7.3723e-01,4.2053e-01,1.0000e+00
3.2380e-01,9.4131e-01,2.0000e+00
2.4153e-01,3.5492e-01,0.0000e+00
2.5719e-01,3.0088e-01,0.0000e+00
8.0100e-01,6.0780e-01,1.0000e+00
7.2125e-01,6.0150e-01,1.0000e+00
2.1566e-01,7.8001e-01,2.0000e+00
2.8408e-01,3.9892e-01,0.0000e+00
6.0148e-01,6.8715e-01,1.0000e+00
6.8424e-01,6.4862e-01,1.0000e+00
1.8131e-01,8.6212e-01,2.0000e+00
2.7895e-01,2.4516e-01,0.0000e+00
1.1957e-01,8.0446e-01,2.0000e+00
3.4061e-01,8.8704e-01,2.0000e+00
8.8978e-01,5.5354e-01,1.0000e+00
8.4465e-01,6.9589e-01,1.0000e+00
2.5411e-01,2.9595e-01,0.0000e+00
2.9111e-01,3.5647e-01,0.0000e+00
2.6548e-01,8.2126e-01,2.0000e+00
2.8741e-01,2.6626e-01,0.0000e+00
1.5019e-01,7.6407e-01,2.0000e+00
3.2460e-01,8.8616e-01,2.0000e+00
8.3709e-01,4.7504e-01,1.0000e+00
6.9384e-01,5.6834e-01,1.0000e+00
2.4010e-01,8.0607e-01,2.0000e+00
7.8518e-01,5.1838e-01,1.0000e+00
2.6316e-01,7.4725e-01,2.0000e+00
2.5170e-01,3.6712e-01,0.0000e+00
2.6278e-01,2.0843e-01,0.0000e+00
1.9152e-01,8.3368e-01,2.0000e+00
1.4939e-01,9.4807e-01,2.0000e+00
8.5513e-01,6.4215e-01,1.0000e+00
2.4398e-01,3.0557e-01,0.0000e+00
2.0243e-01,2.0278e-01,0.0000e+00
7.7868e-01,7.1911e-01,1.0000e+00
2.5367e-01,3.7377e-01,0.0000e+00
8.7156e-01,4.0102e-01,1.0000e+00
2.3812e-01,3.3909e-01,0.0000e+00
2.7616e-01,7.3557e-01,2.0000e+00
9.1978e-01,7.4776e-01,1.0000e+00
2.2310e-01,2.0572e-01,0.0000e+00
1.8356e-01,8.9396e-01,2.0000e+00
2.5352e-01,2.3183e-01,0.0000e+00
2.4932e-01,8.9780e-01,2.0000e+00
2.6758e-01,2.3469e-01,0.0000e+00
2.4981e-01,3.3586e-01,0.0000e+00
2.6461e-01,3.7464e-01,0.0000e+00
2.6898e-01,2.5144e-01,0.0000e+00
2.7075e-01,3.2301e-01,0.0000e+00
2.7613e-01,8.3046e-01,2.0000e+00
1.9651e-01,7.7529e-01,2.0000e+00
2.3361e-01,3.5012e-01,0.0000e+00
2.1035e-01,3.9149e-01,0.0000e+00
8.1108e-01,8.2288e-01,1.0000e+00
6.8001e-01,4.9190e-01,1.0000e+00
9.1702e-01,7.1809e-01,1.0000e+00
2.1311e-01,2.9881e-01,0.0000e+00
2.9508e-01,7.7320e-01,2.0000e+00
6.1904e-01,4.2487e-01,1.0000e+00
9.2500e-01,4.3796e-01,1.0000e+00
1.3160e-01,8.2800e-01,2.0000e+00
1.8037e-01,9.0404e-01,2.0000e+00
3.1246e-01,8.1288e-01,2.0000e+00
2.3134e-01,2.8054e-01,0.0000e+00
3.0946e-01,8.9443e-01,2.0000e+00
6.1447e-01,4.1276e-01,1.0000e+00
6.4398e-01,7.2748e-01,1.0000e+00
7.3942e-01,4.8259e-01,1.0000e+00
6.0637e-01,5.3435e-01,1.0000e+00
9.2338e-01,7.1948e-01,1.0000e+00
1.6978e-01,8.7680e-01,2.0000e+00
9.1329e-01,4.0237e-01,1.0000e+00
6.5650e-01,4.8732e-01,1.0000e+00
2.0458e-01,3.5641e-01,0.0000e+00
2.1717e-01,2.9839e-01,0.0000e+00
2.0276e-01,3.3117e-01,0.0000e+00
6.3728e-01,6.2824e-01,1.0000e+00
3.1813e-01,9.3272e-01,2.0000e+00
2.8051e-01,9.0269e-01,2.0000e+00
2.9365e-01,3.7452e-01,0.0000e+00
2.4755e-01,2.3220e-01,0.0000e+00
1.2647e-01,9.2220e-01,2.0000e+00
6.5534e-01,4.3984e-01,1.0000e+00
2.3953e-01,8.1989e-01,2.0000e+00
8.7208e-01,6.4877e-01,1.0000e+00
8.2738e-01,5.1861e-01,1.0000e+00
1.1186e-01,9.4854e-01,2.0000e+00
2.8186e-01,7.9610e-01,2.0000e+00
2.8413e-01,7.8054e-01,2.0000e+00
2.3109e-01,9.4655e-01,2.0000e+00
1.7909e-01,8.7983e-01,2.0000e+00
2.4476e-01,2.9957e-01,0.0000e+00
2.3865e-01,8.7046e-01,2.0000e+00
2.0510e-01,2.6962e-01,0.0000e+00
2.4503e-01,9.3592e-01,2.0000e+00
6.7239e-01,8.7858e-01,1.0000e+00
7.7840e-01,5.6148e-01,1.0000e+00
7.9068e-01,7.5373e-01,1.0000e+00
2.6004e-01,7.2071e-01,2.0000e+00
6.3701e-01,4.8041e-01,1.0000e+00
2.4467e-01,2.9310e-01,0.0000e+00
2.3050e-01,3.7057e-01,0.0000e+00
6.5872e-01,5.4201e-01,1.0000e+00
2.9085e-01,2.6693e-01,0.0000e+00
8.2680e-01,8.0941e-01,1.0000e+00
8.6580e-01,5.6684e-01,1.0000e+00
2.8444e-01,2.4335e-01,0.0000e+00
2.9848e-01,7.5501e-01,2.0000e+00
2.2937e-01,8.5972e-01,2.0000e+00
7.6076e-01,7.0806e-01,1.0000e+00
2.2845e-01,2.8012e-01,0.0000e+00
7.4787e-01,5.8821e-01,1.0000e+00
2.9692e-01,3.9832e-01,0.0000e+00
8.5885e-01,7.9322e-01,1.0000e+00
2.4419e-01,3.8748e-01,0.0000e+00
7.5760e-01,6.9253e-01,1.0000e+00
2.2681e-01,3.5701e-01,0.0000e+00
2.7731e-01,3.9581e-01,0.0000e+00
2.4111e-01,3.4208e-01,0.0000e+00
3.3605e-01,8.6099e-01,2.0000e+00
9.1168e-01,7.1837e-01,1.0000e+00
8.1547e-01,7.6081e-01,1.0000e+00
1.4668e-01,7.5494e-01,2.0000e+00
2.3176e-01,2.4212e-01,0.0000e+00
2.2031e-01,3.6300e-01,0.0000e+00
2.9013e-01,7.9526e-01,2.0000e+00
2.2296e-01,2.2618e-01,0.0000e+00
9.0843e-01,5.6990e-01,1.0000e+00
7.2380e-01,8.3903e-01,1.0000e+00
1.1119e-01,9.2124e-01,2.0000e+00
2.2743e-01,3.9989e-01,0.0000e+00
2.7743e-01,2.8792e-01,0.0000e+00
8.7563e-01,8.2768e-01,1.0000e+00
2.1851e-01,2.5886e-01,0.0000e+00
3.2816e-01,8.6954e-01,2.0000e+00
3.4300e-01,7.1265e-01,2.0000e+00
2.5226e-01,2.0066e-01,0.0000e+00
2.2198e-01,3.3126e-01,0.0000e+00
8.3281e-01,8.9635e-01,1.0000e+00
7.3233e-01,4.7254e-01,1.0000e+00
1.7632e-01,9.3003e-01,2.0000e+00
2.3570e-01,7.3855e-01,2.0000e+00
2.4006e-01,2.6884e-01,0.0000e+00
7.5560e-01,4.1858e-01,1.0000e+00
1.8478e-01,7.2669e-01,2.0000e+00
1.6650e-01,9.3017e-01,2.0000e+00
6.7438e-01,4.6659e-01,1.0000e+00
2.3139e-01,2.4314e-01,0.0000e+00
2.7172e-01,3.8089e-01,0.0000e+00
1.6176e-01,7.0588e-01,2.0000e+00
8.4022e-01,6.8890e-01,1.0000e+00
3.1467e-01,7.4046e-01,2.0000e+00
2.6808e-01,2.0343e-01,0.0000e+00
1.8602e-01,8.0361e-01,2.0000e+00
2.4977e-01,2.8323e-01,0.0000e+00
3.4281e-01,8.1835e-01,2.0000e+00
2.2258e-01,2.4073e-01,0.0000e+00
6.1173e-01,5.5441e-01,1.0000e+00
2.7854e-01,3.4990e-01,0.0000e+00
2.0242e-01,3.9067e-01,0.0000e+00
2.7895e-01,2.1268e-01,0.0000e+00
8.6196e-01,7.9935e-01,1.0000e+00
2.5474e-01,2.0291e-01,0.0000e+00
9.2131e-01,6.6647e-01,1.0000e+00
2.3337e-01,2.7959e-01,0.0000e+00
2.5256e-01,8.6261e-01,2.0000e+00
1.7359e-01,7.7395e-01,2.0000e+00
2.1069e-01,7.4087e-01,2.0000e+00
1.8924e-01,8.5433e-01,2.0000e+00
8.0674e-01,5.8020e-01,1.0000e+00
2.9648e-01,9.4813e-01,2.0000e+00
6.5389e-01,6.9923e-01,1.0000e+00
7.2226e-01,7.8610e-01,1.0000e+00
3.4325e-01,7.4978e-01,2.0000e+00
6.6166e-01,4.3107e-01,1.0000e+00
7.3044e-01,7.5033e-01,1.0000e+00
2.0667e-01,3.6990e-01,0.0000e+00
8.7700e-01,4.1516e-01,1.0000e+00
3.4338e-01,8.2294e-01,2.0000e+00
3.4122e-01,8.1366e-01,2.0000e+00
2.4998e-01,3.7613e-01,0.0000e+00
2.3296e-01,2.2770e-01,0.0000e+00
3.3518e-01,8.5392e-01,2.0000e+00
8.8509e-01,4.1914e-01,1.0000e+00
2.1869e-01,3.8396e-01,0.0000e+00
2.8391e-01,8.8637e-01,2.0000e+00
2.9553e-01,2.7123e-01,0.0000e+00
2.5240e-01,8.1542e-01,2.0000e+00
1.8275e-01,8.9680e-01,2.0000e+00
1.1782e-01,7.0367e-01,2.0000e+00
2.8579e-01,3.7637e-01,0.0000e+00
2.1975e-01,3.5257e-01,0.0000e+00
3.4898e-01,8.0502e-01,2.0000e+00
7.5107e-01,8.1643e-01,1.0000e+00
2.0895e-01,7.3062e-01,2.0000e+00
3.0394e-01,8.8915e-01,2.0000e+00
7.8097e-01,4.3060e-01,1.0000e+00
6.8917e-01,5.3196e-01,1.0000e+00
2.8448e-01,2.0638e-01,0.0000e+00
6.8039e-01,4.0394e-01,1.0000e+00
1.0287e-01,8.6022e-01,2.0000e+00
9.0791e-01,8.6391e-01,1.0000e+00
1.2827e-01,8.8672e-01,2.0000e+00
2.6229e-01,7.2570e-01,2.0000e+00
2.4138e-01,2.7649e-01,0.0000e+00
8.1240e-01,4.4550e-01,1.0000e+00
7.5457e-01,8.7012e-01,1.0000e+00
2.0691e-01,3.8542e-01,0.0000e+00
3.3984e-01,7.9131e-01,2.0000e+00
6.7015e-01,6.6348e-01,1.0000e+00
6.6496e-01,8.3729e-01,1.0000e+00
2.9026e-01,2.0199e-01,0.0000e+00
2.1716e-01,3.9747e-01,0.0000e+00
8.9723e-01,8.9692e-01,1.0000e+00
3.3218e-01,7.6452e-01,2.0000e+00
2.9212e-01,3.1818e-01,0.0000e+00
1.2605e-01,8.5296e-01,2.0000e+00
8.2476e-01,5.7499e-01,1.0000e+00
6.8966e-01,4.5147e-01,1.0000e+00
3.3394e-01,7.9672e-01,2.0000e+00
8.3770e-01,7.4294e-01,1.0000e+00
3.1590e-01,7.7850e-01,2.0000e+00
1.0024e-01,8.5653e-01,2.0000e+00
2.2552e-01,9.1848e-01,2.0000e+00
2.7837e-01,3.2095e-01,0.0000e+00
8.2361e-01,6.5511e-01,1.0000e+00
3.0042e-01,9.3251e-01,2.0000e+00
7.5612e-01,4.0057e-01,1.0000e+00
2.0071e-01,3.5135e-01,0.0000e+00
8.0284e-01,5.3845e-01,1.0000e+00
2.0625e-01,3.6201e-01,0.0000e+00
9.1193e-01,7.9669e-01,1.0000e+00
6.5406e-01,4.6098e-01,1.0000e+00
2.8302e-01,2.4618e-01,0.0000e+00
7.1294e-01,4.6055e-01,1.0000e+00
7.5574e-01,4.2702e-01,1.0000e+00
8.6599e-01,4.3365e-01,1.0000e+00
2.5784e-01,3.1417e-01,0.0000e+00
1.5767e-01,8.8944e-01,2.0000e+00
1.3497e-01,8.4414e-01,2.0000e+00
2.6520e-01,3.6682e-01,0.0000e+00
3.1863e-01,7.6305e-01,2.0000e+00
6.3609e-01,5.8446e-01,1.0000e+00
7.4377e-01,6.7338e-01,1.0000e+00
2.8136e-01,8.4110e-01,2.0000e+00
2.3764e-01,2.3841e-01,0.0000e+00
2.0571e-01,2.9635e-01,0.0000e+00
8.4384e-01,4.6122e-01,1.0000e+00
7.7581e-01,4.8553e-01,1.0000e+00
1.3461e-01,8.2030e-01,2.0000e+00
2.3210e-01,2.1962e-01,0.0000e+00
2.4267e-01,8.4754e-01,2.0000e+00
2.0010e-01,9.4687e-01,2.0000e+00
2.4495e-01,3.8348e-01,0.0000e+00
2.8445e-01,3.8904e-01,0.0000e+00
2.2838e-01,2.3832e-01,0.0000e+00
2.7243e-01,3.0524e-01,0.0000e+00
6.5122e-01,5.3469e-01,1.0000e+00
2.4380e-01,2.1945e-01,0.0000e+00
9.0300e-01,7.8710e-01,1.0000e+00
1.6311e-01,8.8811e-01,2.0000e+00
2.9773e-01,3.6255e-01,0.0000e+00
2.6164e-01,9.2872e-01,2.0000e+00
8.4085e-01,6.3287e-01,1.0000e+00
6.7089e-01,7.0525e-01,1.0000e+00
6.9486e-01,5.9444e-01,1.0000e+00
2.2711e-01,3.8188e-01,0.0000e+00
1.4060e-01,8.1250e-01,2.0000e+00
2.4060e-01,2.7972e-01,0.0000e+00
2.7843e-01,3.6252e-01,0.0000e+00
8.8295e-01,4.3778e-01,1.0000e+00
2.7156e-01,3.3688e-01,0.0000e+00
2.6686e-01,2.6161e-01,0.0000e+00
2.9362e-01,2.4558e-01,0.0000e+00
6.1986e-01,5.4534e-01,1.0000e+00
2.2975e-01,2.5069e-01,0.0000e+00
2.9438e-01,7.4036e-01,2.0000e+00
1.4468e-01,7.8639e-01,2.0000e+00
7.9908e-01,6.2569e-01,1.0000e+00
6.1977e-01,4.7095e-01,1.0000e+00
9.0064e-01,7.8541e-01,1.0000e+00
8.5094e-01,4.6544e-01,1.0000e+00
8.7530e-01,4.5216e-01,1.0000e+00
2.1039e-01,2.1869e-01,0.0000e+00
2.2240e-01,3.9824e-01,0.0000e+00
1.2634e-01,7.1859e-01,2.0000e+00
2.7730e-01,3.7990e-01,0.0000e+00
8.2923e-01,6.5071e-01,1.0000e+00
2.4657e-01,8.3554e-01,2.0000e+00
2.6146e-01,3.9452e-01,0.0000e+00
8.1368e-01,8.9638e-01,1.0000e+00
2.5851e-01,3.7498e-01,0.0000e+00
2.0953e-01,3.5149e-01,0.0000e+00
1.4833e-01,7.0274e-01,2.0000e+00
3.0193e-01,9.1014e-01,2.0000e+00
7.9711e-01,5.4571e-01,1.0000e+00
2.8456e-01,8.2876e-01,2.0000e+00
8.5731e-01,7.4121e-01,1.0000e+00
2.7568e-01,3.2627e-01,0.0000e+00
2.2447e-01,7.1579e-01,2.0000e+00
2.7556e-01,3.8221e-01,0.0000e+00
7.0701e-01,4.9158e-01,1.0000e+00
9.0187e-01,5.5784e-01,1.0000e+00
2.1472e-01,2.5570e-01,0.0000e+00
1.1937e-01,8.6333e-01,2.0000e+00
6.9269e-01,4.9084e-01,1.0000e+00
2.8508e-01,2.6335e-01,0.0000e+00
1.1924e-01,7.2164e-01,2.0000e+00
3.2165e-01,7.8515e-01,2.0000e+00
8.4404e-01,5.3795e-01,1.0000e+00
2.1918e-01,7.5493e-01,2.0000e+00
1.3039e-01,7.0832e-01,2.0000e+00
2.0662e-01,2.1141e-01,0.0000e+00
2.2384e-01,2.1801e-01,0.0000e+00
1.8574e-01,9.4052e-01,2.0000e+00
7.7196e-01,4.4396e-01,1.0000e+00
2.3365e-01,7.2581e-01,2.0000e+00
7.4086e-01,6.7180e-01,1.0000e+00
2.2431e-01,9.0413e-01,2.0000e+00
7.6976e-01,7.6625e-01,1.0000e+00
1.8115e-01,7.7959e-01,2.0000e+00
3.0131e-01,9.3415e-01,2.0000e+00
7.5631e-01,4.0313e-01,1.0000e+00
2.7765e-01,8.8086e-01,2.0000e+00
2.4972e-01,3.9465e-01,0.0000e+00
6.7189e-01,5.3052e-01,1.0000e+00
3.2287e-01,9.4033e-01,2.0000e+00
2.0567e-01,2.6011e-01,0.0000e+00
2.6777e-01,7.9470e-01,2.0000e+00
7.4111e-01,7.9881e-01,1.0000e+00
1.3895e-01,8.9720e-01,2.0000e+00
6.7551e-01,8.1624e-01,1.0000e+00
2.6924e-01,8.1824e-01,2.0000e+00
8.7371e-01,4.6768e-01,1.0000e+00
8.6757e-01,8.6613e-01,1.0000e+00
2.1498e-01,8.6641e-01,2.0000e+00
8.3723e-01,6.4045e-01,1.0000e+00
6.6667e-01,4.6451e-01,1.0000e+00
2.1559e-01,2.1882e-01,0.0000e+00
1.0070e-01,9.1461e-01,2.0000e+00
8.3037e-01,5.1355e-01,1.0000e+00
7.0704e-01,6.6593e-01,1.0000e+00
2.0728e-01,2.2928e-01,0.0000e+00
2.9579e-01,2.1010e-01,0.0000e+00
7.7358e-01,4.3654e-01,1.0000e+00
2.0964e-01,2.9270e-01,0.0000e+00
6.0153e-01,6.8917e-01,1.0000e+00
2.7459e-01,8.2072e-01,2.0000e+00
2.9385e-01,2.0150e-01,0.0000e+00
2.3639e-01,2.8887e-01,0.0000e+00
1.0759e-01,7.6711e-01,2.0000e+00
1.1885e-01,9.2176e-01,2.0000e+00
6.3079e-01,4.5628e-01,1.0000e+00
7.1120e-01,8.2186e-01,1.0000e+00
6.3719e-01,4.1899e-01,1.0000e+00
8.6836e-01,8.6683e-01,1.0000e+00
7.0955e-01,8.0151e-01,1.0000e+00
3.4814e-01,8.3581e-01,2.0000e+00
8.2053e-01,7.3617e-01,1.0000e+00
2.4056e-01,3.4242e-01,0.0000e+00
2.6582e-01,3.1385e-01,0.0000e+00
2.8143e-01,2.3873e-01,0.0000e+00
2.5789e-01,2.0395e-01,0.0000e+00
2.8700e-01,7.4224e-01,2.0000e+00
2.6420e-01,3.2868e-01,0.0000e+00
2.5809e-01,3.3717e-01,0.0000e+00
1.4685e-01,9.2152e-01,2.0000e+00
2.2981e-01,7.6279e-01,2.0000e+00
7.3988e-01,4.5632e-01,1.0000e+00
2.8485e-01,8.5106e-01,2.0000e+00
2.4326e-01,2.9360e-01,0.0000e+00
8.5486e-01,7.4655e-01,1.0000e+00
2.6288e-01,9.0333e-01,2.0000e+00
8.1019e-01,5.2126e-01,1.0000e+00
2.6231e-01,3.0701e-01,0.0000e+00
2.5321e-01,7.2207e-01,2.0000e+00
2.7669e-01,8.8838e-01,2.0000e+00
7.0722e-01,5.0591e-01,1.0000e+00
6.4671e-01,7.8187e-01,1.0000e+00
8.6923e-01,4.1180e-01,1.0000e+00
3.3684e-01,7.3577e-01,2.0000e+00
7.3519e-01,5.2180e-01,1.0000e+00
8.2096e-01,4.8122e-01,1.0000e+00
2.4150e-01,3.6066e-01,0.0000e+00
2.3017e-01,7.6069e-01,2.0000e+00
1.4327e-01,8.6864e-01,2.0000e+00
2.5179e-01,9.4162e-01,2.0000e+00
2.6800e-01,3.1646e-01,0.0000e+00
6.1135e-01,8.3047e-01,1.0000e+00
7.8731e-01,5.5792e-01,1.0000e+00
2.5340e-01,8.3994e-01,2.0000e+00
6.0415e-01,7.4290e-01,1.0000e+00
2.9727e-01,7.9044e-01,2.0000e+00
2.7385e-01,2.2246e-01,0.0000e+00
2.9566e-01,3.2447e-01,0.0000e+00
6.7571e-01,5.6689e-01,1.0000e+00
1.9779e-01,8.2879e-01,2.0000e+00
2.2610e-01,3.8527e-01,0.0000e+00
8.3626e-01,5.7038e-01,1.0000e+00
7.1865e-01,4.0296e-01,1.0000e+00
8.1784e-01,5.0451e-01,1.0000e+00
3.2328e-01,7.2337e-01,2.0000e+00
2.7610e-01,3.6979e-01,0.0000e+00
7.0698e-01,4.9325e-01,1.0000e+00
1.7713e-01,8.8122e-01,2.0000e+00
2.3556e-01,2.6810e-01,0.0000e+00
2.9227e-01,3.4081e-01,0.0000e+00
7.2027e-01,6.3420e-01,1.0000e+00
8.8590e-01,4.4384e-01,1.0000e+00
2.1869e-01,8.8583e-01,2.0000e+00
2.6586e-01,2.6609e-01,0.0000e+00
8.4964e-01,6.2938e-01,1.0000e+00
1.5347e-01,7.1240e-01,2.0000e+00
1.8388e-01,9.0248e-01,2.0000e+00
3.2523e-01,7.7686e-01,2.0000e+00
8.4073e-01,4.2864e-01,1.0000e+00
2.8057e-01,3.0283e-01,0.0000e+00
3.0532e-01,8.5971e-01,2.0000e+00
2.1171e-01,3.9446e-01,0.0000e+00
2.9727e-01,9.0761e-01,2.0000e+00
7.3630e-01,4.0774e-01,1.0000e+00
6.6598e-01,5.2930e-01,1.0000e+00
8.9921e-01,4.4526e-01,1.0000e+00
2.4195e-01,7.7559e-01,2.0000e+00
2.8293e-01,7.0715e-01,2.0000e+00
8.1481e-01,6.4456e-01,1.0000e+00
1.1826e-01,8.6855e-01,2.0000e+00
2.9434e-01,2.7537e-01,0.0000e+00
2.9908e-01,3.2796e-01,0.0000e+00
2.2447e-01,2.3869e-01,0.0000e+00
2.2919e-01,3.3073e-01,0.0000e+00
2.3782e-01,7.5498e-01,2.0000e+00
2.2715e-01,7.9614e-01,2.0000e+00
2.8502e-01,3.8573e-01,0.0000e+00
2.6134e-01,7.2518e-01,2.0000e+00
6.7274e-01,4.0431e-01,1.0000e+00
2.3842e-01,3.0826e-01,0.0000e+00
2.7831e-01,2.2874e-01,0.0000e+00
1.7469e-01,8.3392e-01,2.0000e+00
3.2510e-01,8.3240e-01,2.0000e+00
1.0981e-01,7.4047e-01,2.0000e+00
6.0988e-01,4.5510e-01,1.0000e+00
2.3897e-01,3.3652e-01,0.0000e+00
2.6420e-01,2.7057e-01,0.0000e+00
2.3686e-01,3.8108e-01,0.0000e+00
2.3090e-01,2.6178e-01,0.0000e+00
2.8021e-01,3.3548e-01,0.0000e+00
6.0800e-01,5.6873e-01,1.0000e+00
7.3763e-01,7.8216e-01,1.0000e+00
1.9105e-01,8.9031e-01,2.0000e+00
6.7080e-01,8.2903e-01,1.0000e+00
6.5939e-01,4.6940e-01,1.0000e+00
7.6804e-01,4.1634e-01,1.0000e+00
6.3445e-01,8.1258e-01,1.0000e+00
3.2739e-01,8.7564e-01,2.0000e+00
2.4542e-01,3.2648e-01,0.0000e+00
2.5267e-01,3.3982e-01,0.0000e+00
2.0203e-01,7.5375e-01,2.0000e+00
2.0290e-01,3.0270e-01,0.0000e+00
7.2393e-01,6.1661e-01,1.0000e+00
1.9338e-01,8.2056e-01,2.0000e+00
2.6396e-01,2.6909e-01,0.0000e+00
7.4022e-01,7.5991e-01,1.0000e+00
1.2011e-01,8.0918e-01,2.0000e+00
2.7173e-01,3.9693e-01,0.0000e+00
9.0702e-01,6.3808e-01,1.0000e+00
2.2720e-01,3.9582e-01,0.0000e+00
2.0801e-01,7.1804e-01,2.0000e+00
2.2355e-01,3.6186e-01,0.0000e+00
1.7235e-01,8.0285e-01,2.0000e+00
8.1085e-01,5.5438e-01,1.0000e+00
2.2548e-01,8.3046e-01,2.0000e+00
2.3061e-01,3.0491e-01,0.0000e+00
2.4948e-01,2.4913e-01,0.0000e+00
6.9561e-01,7.5137e-01,1.0000e+00
2.4403e-01,2.0982e-01,0.0000e+00
2.1438e-01,7.2156e-01,2.0000e+00
2.3386e-01,2.4283e-01,0.0000e+00
2.8256e-01,2.8330e-01,0.0000e+00
2.9297e-01,9.4203e-01,2.0000e+00
2.4620e-01,2.9093e-01,0.0000e+00
2.9882e-01,7.2895e-01,2.0000e+00
8.2574e-01,7.4155e-01,1.0000e+00
2.4453e-01,3.6275e-01,0.0000e+00
9.1356e-01,4.4563e-01,1.0000e+00
6.8031e-01,8.5470e-01,1.0000e+00
2.3582e-01,2.3410e-01,0.0000e+00
2.0527e-01,3.2032e-01,0.0000e+00
2.7262e-01,2.0888e-01,0.0000e+00
6.1466e-01,7.7684e-01,1.0000e+00
2.5992e-01,7.1751e-01,2.0000e+00
7.6999e-01,8.9599e-01,1.0000e+00
6.5026e-01,8.9342e-01,1.0000e+00
2.3842e-01,3.3306e-01,0.0000e+00
2.1108e-01,2.5162e-01,0.0000e+00
7.2691e-01,8.7639e-01,1.0000e+00
3.4350e-01,7.7206e-01,2.0000e+00
9.0989e-01,6.5972e-01,1.0000e+00
9.1854e-01,4.5292e-01,1.0000e+00
2.2349e-01,7.9048e-01,2.0000e+00
2.5892e-01,2.9444e-01,0.0000e+00
6.4821e-01,4.9007e-01,1.0000e+00
3.1896e-01,8.3076e-01,2.0000e+00
6.1626e-01,8.6531e-01,1.0000e+00
8.5825e-01,8.9512e-01,1.0000e+00
2.9670e-01,2.5998e-01,0.0000e+00
1.6064e-01,9.1111e-01,2.0000e+00
7.7829e-01,8.8567e-01,1.0000e+00
7.2114e-01,4.4206e-01,1.0000e+00
2.1061e-01,8.9084e-01,2.0000e+00
2.1367e-01,9.3203e-01,2.0000e+00
2.7464e-01,2.6052e-01,0.0000e+00
6.3943e-01,7.2763e-01,1.0000e+00
2.8354e-01,2.7485e-01,0.0000e+00
2.3303e-01,2.6926e-01,0.0000e+00
3.2027e-01,7.0610e-01,2.0000e+00
2.2135e-01,3.1143e-01,0.0000e+00
2.9748e-01,3.5715e-01,0.0000e+00
8.5136e-01,7.1097e-01,1.0000e+00
1.3380e-01,7.7166e-01,2.0000e+00
2.2334e-01,3.0106e-01,0.0000e+00
6.5421e-01,7.6715e-01,1.0000e+00
2.2799e-01,7.8660e-01,2.0000e+00
2.0600e-01,8.3675e-01,2.0000e+00
8.5684e-01,5.9019e-01,1.0000e+00
2.9126e-01,2.3303e-01,0.0000e+00
2.5423e-01,8.7976e-01,2.0000e+00
7.5081e-01,5.7983e-01,1.0000e+00
6.8338e-01,7.9245e-01,1.0000e+00
2.6425e-01,2.0127e-01,0.0000e+00
1.3365e-01,8.7576e-01,2.0000e+00
3.2410e-01,9.2774e-01,2.0000e+00
1.7823e-01,7.1910e-01,2.0000e+00
6.4831e-01,5.1241e-01,1.0000e+00
2.5103e-01,3.8591e-01,0.0000e+00
6.8211e-01,5.9777e-01,1.0000e+00
2.3175e-01,3.8918e-01,0.0000e+00
7.9678e-01,6.3507e-01,1.0000e+00
2.0980e-01,3.2594e-01,0.0000e+00
2.0110e-01,2.2893e-01,0.0000e+00
2.4627e-01,8.4243e-01,2.0000e+00
6.9283e-01,7.3199e-01,1.0000e+00
2.1006e-01,3.3001e-01,0.0000e+00
7.5231e-01,6.7726e-01,1.0000e+00
2.7636e-01,2.4863e-01,0.0000e+00
2.6692e-01,3.3268e-01,0.0000e+00
2.6765e-01,3.3670e-01,0.0000e+00
1.5698e-01,8.4420e-01,2.0000e+00
8.5566e-01,8.8150e-01,1.0000e+00
3.1100e-01,8.1781e-01,2.0000e+00
8.6945e-01,7.9649e-01,1.0000e+00
1.0382e-01,8.6872e-01,2.0000e+00
8.7700e-01,5.8978e-01,1.0000e+00
2.2868e-01,7.7974e-01,2.0000e+00
8.2032e-01,6.3526e-01,1.0000e+00
2.1396e-01,2.5546e-01,0.0000e+00
2.3992e-01,7.7460e-01,2.0000e+00
2.2281e-01,8.5737e-01,2.0000e+00
7.5591e-01,7.6830e-01,1.0000e+00
2.5420e-01,3.2079e-01,0.0000e+00
2.4270e-01,7.8785e-01,2.0000e+00
1.7168e-01,7.1792e-01,2.0000e+00
3.0048e-01,7.5611e-01,2.0000e+00
2.2698e-01,3.8787e-01,0.0000e+00
1.8727e-01,9.3494e-01,2.0000e+00
2.8599e-01,9.3409e-01,2.0000e+00
2.4290e-01,7.2067e-01,2.0000e+00
3.2558e-01,7.2480e-01,2.0000e+00
3.2769e-01,8.2841e-01,2.0000e+00
2.8772e-01,7.7308e-01,2.0000e+00
1.3558e-01,7.4574e-01,2.0000e+00
2.7195e-01,9.3122e-01,2.0000e+00
2.0559e-01,8.7751e-01,2.0000e+00
1.4839e-01,7.9713e-01,2.0000e+00
8.9965e-01,8.7537e-01,1.0000e+00
2.8359e-01,2.9973e-01,0.0000e+00
2.1186e-01,2.0707e-01,0.0000e+00
2.5119e-01,3.2588e-01,0.0000e+00
2.2775e-01,3.2057e-01,0.0000e+00
2.7373e-01,7.6526e-01,2.0000e+00
2.9044e-01,3.1576e-01,0.0000e+00
2.5953e-01,3.8089e-01,0.0000e+00
6.4551e-01,4.2689e-01,1.0000e+00
6.0507e-01,5.8057e-01,1.0000e+00
1.9123e-01,7.8393e-01,2.0000e+00
2.3887e-01,3.5742e-01,0.0000e+00
2.8426e-01,8.2795e-01,2.0000e+00
7.8161e-01,5.3215e-01,1.0000e+00
3.0930e-01,7.3340e-01,2.0000e+00
2.3376e-01,3.6481e-01,0.0000e+00
8.3764e-01,4.9999e-01,1.0000e+00
2.1089e-01,3.3971e-01,0.0000e+00
1.4539e-01,7.2478e-01,2.0000e+00
8.0280e-01,6.0328e-01,1.0000e+00
8.2163e-01,6.5703e-01,1.0000e+00
2.2597e-01,7.4908e-01,2.0000e+00
2.5025e-01,2.1476e-01,0.0000e+00
2.3716e-01,2.5882e-01,0.0000e+00
6.8058e-01,5.3989e-01,1.0000e+00
2.7609e-01,2.5306e-01,0.0000e+00
2.1489e-01,3.5105e-01,0.0000e+00
2.4994e-01,8.7528e-01,2.0000e+00
2.9730e-01,2.0318e-01,0.0000e+00
2.5477e-01,3.1584e-01,0.0000e+00
3.0144e-01,7.8767e-01,2.0000e+00
2.8595e-01,3.9555e-01,0.0000e+00
2.3318e-01,8.0920e-01,2.0000e+00
2.9775e-01,8.6578e-01,2.0000e+00
2.6772e-01,3.5932e-01,0.0000e+00
2.4102e-01,3.5219e-01,0.0000e+00
2.7258e-01,3.8563e-01,0.0000e+00
7.5207e-01,7.8152e-01,1.0000e+00
6.7461e-01,4.6633e-01,1.0000e+00
2.3173e-01,7.3566e-01,2.0000e+00
1.4462e-01,8.6253e-01,2.0000e+00
8.5525e-01,6.1208e-01,1.0000e+00
2.9606e-01,2.9773e-01,0.0000e+00
3.2995e-01,9.1834e-01,2.0000e+00
2.4977e-01,3.2474e-01,0.0000e+00
2.4674e-01,2.3842e-01,0.0000e+00
8.9094e-01,8.6184e-01,1.0000e+00
6.7328e-01,5.2081e-01,1.0000e+00
7.0568e-01,5.3121e-01,1.0000e+00
2.6606e-01,8.3691e-01,2.0000e+00
2.0594e-01,8.6138e-01,2.0000e+00
3.4089e-01,9.2402e-01,2.0000e+00
2.1609e-01,3.2685e-01,0.0000e+00
6.5981e-01,5.5104e-01,1.0000e+00
2.2520e-01,3.7825e-01,0.0000e+00
3.3959e-01,8.4838e-01,2.0000e+00
1.6584e-01,7.7695e-01,2.0000e+00
9.2964e-01,6.0298e-01,1.0000e+00
6.3282e-01,7.9585e-01,1.0000e+00
6.6043e-01,8.4992e-01,1.0000e+00
3.3364e-01,8.9469e-01,2.0000e+00
2.6863e-01,3.6925e-01,0.0000e+00
6.5813e-01,6.4918e-01,1.0000e+00
6.5450e-01,7.5680e-01,1.0000e+00
6.6457e-01,5.7409e-01,1.0000e+00
2.4645e-01,3.0260e-01,0.0000e+00
8.7773e-01,6.1287e-01,1.0000e+00
2.2408e-01,2.4203e-01,0.0000e+00
3.3352e-01,7.8776e-01,2.0000e+00
1.2824e-01,8.2358e-01,2.0000e+00
3.4126e-01,7.4497e-01,2.0000e+00
6.5797e-01,8.8892e-01,1.0000e+00
3.3086e-01,7.0966e-01,2.0000e+00
1.0371e-01,9.1698e-01,2.0000e+00
2.5825e-01,7.0635e-01,2.0000e+00
2.0102e-01,3.9046e-01,0.0000e+00
1.7015e-01,8.6077e-01,2.0000e+00
1.4908e-01,7.5273e-01,2.0000e+00
6.3490e-01,7.6361e-01,1.0000e+00
2.1597e-01,3.9558e-01,0.0000e+00
2.9245e-01,3.9221e-01,0.0000e+00
2.0176e-01,3.7579e-01,0.0000e+00
7.0974e-01,8.2850e-01,1.0000e+00
2.6650e-01,2.4830e-01,0.0000e+00
2.2667e-01,3.9831e-01,0.0000e+00
9.1773e-01,8.3009e-01,1.0000e+00
2.4499e-01,3.3376e-01,0.0000e+00
6.3099e-01,4.7334e-01,1.0000e+00
1.4100e-01,8.2802e-01,2.0000e+00
2.8196e-01,8.4423e-01,2.0000e+00
2.1110e-01,2.0499e-01,0.0000e+00
2.5394e-01,3.8156e-01,0.0000e+00
2.0726e-01,3.4785e-01,0.0000e+00
7.8723e-01,5.6394e-01,1.0000e+00
1.7255e-01,7.3916e-01,2.0000e+00
6.9335e-01,4.4193e-01,1.0000e+00
7.3900e-01,5.8027e-01,1.0000e+00
7.8568e-01,6.1643e-01,1.0000e+00
2.3010e-01,3.2974e-01,0.0000e+00
2.8411e-01,2.9746e-01,0.0000e+00
8.5599e-01,6.6638e-01,1.0000e+00
7.4795e-01,6.3435e-01,1.0000e+00
6.6337e-01,6.3846e-01,1.0000e+00
2.2640e-01,2.3956e-01,0.0000e+00
2.8924e-01,7.1023e-01,2.0000e+00
7.0290e-01,8.5689e-01,1.0000e+00
2.2426e-01,3.5475e-01,0.0000e+00
2.5832e-01,7.7465e-01,2.0000e+00
7.2507e-01,5.9879e-01,1.0000e+00
2.8477e-01,3.0595e-01,0.0000e+00
8.6421e-01,5.4263e-01,1.0000e+00
6.7591e-01,5.4904e-01,1.0000e+00
2.1390e-01,3.1467e-01,0.0000e+00
6.3656e-01,8.9149e-01,1.0000e+00
1.5418e-01,9.1231e-01,2.0000e+00
2.1352e-01,3.6392e-01,0.0000e+00
2.3446e-01,8.4577e-01,2.0000e+00
2.6267e-01,3.2484e-01,0.0000e+00
2.3480e-01,2.7322e-01,0.0000e+00
6.6212e-01,8.5189e-01,1.0000e+00
7.0502e-01,4.4513e-01,1.0000e+00
7.7518e-01,8.2041e-01,1.0000e+00
2.0524e-01,9.3439e-01,2.0000e+00
6.6830e-01,4.0152e-01,1.0000e+00
2.2165e-01,2.4775e-01,0.0000e+00
1.9787e-01,8.7946e-01,2.0000e+00
2.4453e-01,3.9541e-01,0.0000e+00
2.5969e-01,3.8770e-01,0.0000e+00
1.4594e-01,7.8072e-01,2.0000e+00
1.0480e-01,8.8823e-01,2.0000e+00
1.4435e-01,7.9069e-01,2.0000e+00
1.5521e-01,9.4375e-01,2.0000e+00
7.3689e-01,7.5472e-01,1.0000e+00
1.5507e-01,9.2379e-01,2.0000e+00
2.7067e-01,2.3105e-01,0.0000e+00
8.2381e-01,7.4250e-01,1.0000e+00
6.4781e-01,8.3485e-01,1.0000e+00
8.1057e-01,8.2599e-01,1.0000e+00
2.1446e-01,3.4575e-01,0.0000e+00
3.3213e-01,8.2770e-01,2.0000e+00
6.3309e-01,8.0908e-01,1.0000e+00
2.3832e-01,3.2756e-01,0.0000e+00
8.6743e-01,5.6848e-01,1.0000e+00
7.4005e-01,6.1736e-01,1.0000e+00
2.3031e-01,3.0846e-01,0.0000e+00
2.5309e-01,9.0177e-01,2.0000e+00
2.7055e-01,3.9476e-01,0.0000e+00
3.2801e-01,7.4946e-01,2.0000e+00
2.2182e-01,3.6670e-01,0.0000e+00
3.0700e-01,8.4064e-01,2.0000e+00
2.9607e-01,8.1720e-01,2.0000e+00
2.2875e-01,2.3693e-01,0.0000e+00
2.2350e-01,7.8318e-01,2.0000e+00
3.4323e-01,9.1135e-01,2.0000e+00
1.7737e-01,7.8964e-01,2.0000e+00
3.4989e-01,8.9534e-01,2.0000e+00
8.6333e-01,4.0611e-01,1.0000e+00
8.4377e-01,7.9603e-01,1.0000e+00
6.8866e-01,8.1578e-01,1.0000e+00
1.9777e-01,7.6517e-01,2.0000e+00
2.2441e-01,2.5133e-01,0.0000e+00
2.1759e-01,8.2415e-01,2.0000e+00
6.2369e-01,6.8891e-01,1.0000e+00
3.2047e-01,8.8569e-01,2.0000e+00
2.8416e-01,2.0925e-01,0.0000e+00
2.2153e-01,2.8425e-01,0.0000e+00
2.6621e-01,7.8449e-01,2.0000e+00
8.6718e-01,7.1007e-01,1.0000e+00
8.6078e-01,4.8752e-01,1.0000e+00
1.5697e-01,9.2131e-01,2.0000e+00
1.2362e-01,8.1858e-01,2.0000e+00
8.0453e-01,6.8458e-01,1.0000e+00
2.9767e-01,8.3732e-01,2.0000e+00
1.9394e-01,8.6962e-01,2.0000e+00
6.6576e-01,8.6847e-01,1.0000e+00
2.7100e-01,3.5121e-01,0.0000e+00
2.4046e-01,2.4223e-01,0.0000e+00
8.9976e-01,7.0615e-01,1.0000e+00
7.3314e-01,4.2354e-01,1.0000e+00
2.5785e-01,2.9325e-01,0.0000e+00
2.8472e-01,2.7279e-01,0.0000e+00
6.9404e-01,4.2060e-01,1.0000e+00
2.9479e-01,7.2169e-01,2.0000e+00
2.0240e-01,3.6109e-01,0.0000e+00
7.8286e-01,4.6484e-01,1.0000e+00
2.2795e-01,3.0132e-01,0.0000e+00
1.9754e-01,8.5003e-01,2.0000e+00
2.3011e-01,3.0667e-01,0.0000e+00
7.3609e-01,7.4026e-01,1.0000e+00
2.5815e-01,8.4285e-01,2.0000e+00
2.6693e-01,2.0184e-01,0.0000e+00
2.2548e-01,7.9446e-01,2.0000e+00
2.6607e-01,2.5028e-01,0.0000e+00
1.8170e-01,9.2524e-01,2.0000e+00
7.3483e-01,8.3003e-01,1.0000e+00
8.0446e-01,4.7883e-01,1.0000e+00
7.4391e-01,4.2585e-01,1.0000e+00
2.9945e-01,2.7096e-01,0.0000e+00
8.3114e-01,6.3944e-01,1.0000e+00
1.3419e-01,7.8412e-01,2.0000e+00
1.6446e-01,9.1831e-01,2.0000e+00
1.4606e-01,7.8791e-01,2.0000e+00
6.4223e-01,7.8718e-01,1.0000e+00
6.6167e-01,6.7699e-01,1.0000e+00
9.1463e-01,5.2751e-01,1.0000e+00
2.3148e-01,2.3680e-01,0.0000e+00
2.1327e-01,3.0523e-01,0.0000e+00
2.4188e-01,2.0711e-01,0.0000e+00
2.2950e-01,2.8731e-01,0.0000e+00
2.8254e-01,2.3976e-01,0.0000e+00
2.9125e-01,3.5934e-01,0.0000e+00
2.3613e-01,8.7739e-01,2.0000e+00
8.1231e-01,6.9980e-01,1.0000e+00
6.7284e-01,6.7214e-01,1.0000e+00
3.1877e-01,8.4116e-01,2.0000e+00
2.3184e-01,7.6290e-01,2.0000e+00
3.0857e-01,7.7885e-01,2.0000e+00
2.5994e-01,9.1322e-01,2.0000e+00
7.8088e-01,5.8309e-01,1.0000e+00
7.0681e-01,8.1044e-01,1.0000e+00
2.6187e-01,8.2922e-01,2.0000e+00
2.0062e-01,8.6977e-01,2.0000e+00
2.2422e-01,3.2366e-01,0.0000e+00
2.2485e-01,3.8060e-01,0.0000e+00
2.0375e-01,8.6542e-01,2.0000e+00
2.6479e-01,3.6704e-01,0.0000e+00
7.1950e-01,6.0431e-01,1.0000e+00
2.1956e-01,3.5339e-01,0.0000e+00
7.4881e-01,5.0896e-01,1.0000e+00
3.0721e-01,7.0156e-01,2.0000e+00
2.3508e-01,2.3872e-01,0.0000e+00
8.5199e-01,6.7776e-01,1.0000e+00
6.7066e-01,4.4042e-01,1.0000e+00
1.4078e-01,7.8887e-01,2.0000e+00
8.4458e-01,4.6708e-01,1.0000e+00
3.0161e-01,7.0859e-01,2.0000e+00
2.0996e-01,2.3080e-01,0.0000e+00
2.4178e-01,7.5343e-01,2.0000e+00
2.5219e-01,7.9468e-01,2.0000e+00
2.5823e-01,3.6760e-01,0.0000e+00
6.0506e-01,6.7201e-01,1.0000e+00
9.0924e-01,6.8123e-01,1.0000e+00
3.3645e-01,8.3659e-01,2.0000e+00
2.8848e-01,2.1297e-01,0.0000e+00
6.5568e-01,4.7994e-01,1.0000e+00
1.8803e-01,7.0314e-01,2.0000e+00
2.6550e-01,3.6205e-01,0.0000e+00
2.7604e-01,3.5024e-01,0.0000e+00
2.6422e-01,2.8197e-01,0.0000e+00
7.0735e-01,4.0345e-01,1.0000e+00
2.9054e-01,3.2917e-01,0.0000e+00
2.8866e-01,3.7145e-01,0.0000e+00
2.3519e-01,3.4476e-01,0.0000e+00
2.6996e-01,9.1356e-01,2.0000e+00
3.4607e-01,8.6317e-01,2.0000e+00
2.3062e-01,3.2820e-01,0.0000e+00
1.6039e-01,9.1873e-01,2.0000e+00
2.6589e-01,2.5355e-01,0.0000e+00
6.9114e-01,8.2963e-01,1.0000e+00
8.8962e-01,6.3370e-01,1.0000e+00
9.1737e-01,5.2903e-01,1.0000e+00
8.3309e-01,5.6667e-01,1.0000e+00
8.6412e-01,7.4236e-01,1.0000e+00
2.4965e-01,8.0037e-01,2.0000e+00
1.3885e-01,8.5061e-01,2.0000e+00
1.2760e-01,7.4970e-01,2.0000e+00
1.0391e-01,9.4513e-01,2.0000e+00
9.2460e-01,4.1541e-01,1.0000e+00
8.8802e-01,8.5494e-01,1.0000e+00
7.9055e-01,4.0914e-01,1.0000e+00
8.2294e-01,5.4553e-01,1.0000e+00
2.5762e-01,3.6338e-01,0.0000e+00
6.0958e-01,5.9972e-01,1.0000e+00
2.2215e-01,7.7239e-01,2.0000e+00
9.0142e-01,7.7705e-01,1.0000e+00
2.4123e-01,2.7465e-01,0.0000e+00
7.8994e-01,5.1315e-01,1.0000e+00
7.7964e-01,8.8284e-01,1.0000e+00
2.5722e-01,2.1470e-01,0.0000e+00
2.9713e-01,3.6381e-01,0.0000e+00
1.0706e-01,9.3832e-01,2.0000e+00
2.1743e-01,3.6922e-01,0.0000e+00
2.5572e-01,7.9640e-01,2.0000e+00
9.1698e-01,5.5347e-01,1.0000e+00
2.5640e-01,7.7508e-01,2.0000e+00
6.4763e-01,5.2904e-01,1.0000e+00
2.0589e-01,7.3013e-01,2.0000e+00
2.5920e-01,2.4417e-01,0.0000e+00
3.0868e-01,9.1051e-01,2.0000e+00
6.1627e-01,4.8189e-01,1.0000e+00
7.8822e-01,4.3937e-01,1.0000e+00
2.5477e-01,8.6184e-01,2.0000e+00
2.4072e-01,3.7406e-01,0.0000e+00
1.1074e-01,7.6110e-01,2.0000e+00
2.9446e-01,3.8273e-01,0.0000e+00
2.9219e-01,3.9793e-01,0.0000e+00
8.9160e-01,7.6878e-01,1.0000e+00
7.3880e-01,7.8623e-01,1.0000e+00
9.3148e-01,8.2783e-01,1.0000e+00
2.6826e-01,7.5828e-01,2.0000e+00
1.0379e-01,8.3047e-01,2.0000e+00
1.2269e-01,7.6809e-01,2.0000e+00
2.1378e-01,3.7201e-01,0.0000e+00
3.1117e-01,8.3288e-01,2.0000e+00
9.2278e-01,4.1958e-01,1.0000e+00
8.1198e-01,6.1750e-01,1.0000e+00
1.7473e-01,8.6058e-01,2.0000e+00
6.5686e-01,8.3109e-01,1.0000e+00
7.4948e-01,5.6194e-01,1.0000e+00
7.9180e-01,4.6357e-01,1.0000e+00
2.8781e-01,3.4408e-01,0.0000e+00
6.8441e-01,7.7280e-01,1.0000e+00
2.0626e-01,3.9829e-01,0.0000e+00
2.9222e-01,3.4255e-01,0.0000e+00
3.3316e-01,8.8393e-01,2.0000e+00
2.8836e-01,3.9002e-01,0.0000e+00
2.9032e-01,2.4231e-01,0.0000e+00
7.3307e-01,5.3768e-01,1.0000e+00
2.9289e-01,2.5873e-01,0.0000e+00
7.1535e-01,7.3309e-01,1.0000e+00
2.2789e-01,3.5997e-01,0.0000e+00
1.0270e-01,7.7391e-01,2.0000e+00
1.9206e-01,7.1048e-01,2.0000e+00
6.7700e-01,4.9568e-01,1.0000e+00
7.0928e-01,8.5555e-01,1.0000e+00
7.8409e-01,4.0984e-01,1.0000e+00
2.3341e-01,9.3748e-01,2.0000e+00
2.9580e-01,2.4218e-01,0.0000e+00
2.7725e-01,2.5534e-01,0.0000e+00
7.0461e-01,5.6286e-01,1.0000e+00
2.8370e-01,7.7367e-01,2.0000e+00
2.8819e-01,3.0623e-01,0.0000e+00
2.3988e-01,3.2868e-01,0.0000e+00
2.9494e-01,7.0613e-01,2.0000e+00
3.2204e-01,8.3648e-01,2.0000e+00
2.4202e-01,3.6590e-01,0.0000e+00
7.5315e-01,8.5481e-01,1.0000e+00
3.2569e-01,8.3252e-01,2.0000e+00
6.5349e-01,8.9797e-01,1.0000e+00
3.3592e-01,7.5624e-01,2.0000e+00
2.5528e-01,3.0125e-01,0.0000e+00
3.1926e-01,7.5833e-01,2.0000e+00
3.1950e-01,8.3766e-01,2.0000e+00
3.3161e-01,8.9932e-01,2.0000e+00
6.1699e-01,7.3734e-01,1.0000e+00
2.5255e-01,9.0261e-01,2.0000e+00
2.0745e-01,8.5505e-01,2.0000e+00
2.5617e-01,2.6451e-01,0.0000e+00
8.3900e-01,4.4083e-01,1.0000e+00
3.0491e-01,9.4922e-01,2.0000e+00
2.0085e-01,3.2327e-01,0.0000e+00
8.9066e-01,6.2690e-01,1.0000e+00
7.7967e-01,8.4286e-01,1.0000e+00
8.4176e-01,8.8500e-01,1.0000e+00
2.7359e-01,2.8949e-01,0.0000e+00
6.2054e-01,5.0744e-01,1.0000e+00
8.5164e-01,8.8793e-01,1.0000e+00
6.7797e-01,4.8233e-01,1.0000e+00
2.2422e-01,3.0666e-01,0.0000e+00
7.8801e-01,8.1687e-01,1.0000e+00
2.6247e-01,2.6678e-01,0.0000e+00
1.5880e-01,9.4339e-01,2.0000e+00
2.4509e-01,2.9094e-01,0.0000e+00
7.9389e-01,4.3573e-01,1.0000e+00
2.8968e-01,3.4087e-01,0.0000e+00
8.2432e-01,6.2480e-01,1.0000e+00
2.7701e-01,3.3295e-01,0.0000e+00
3.2543e-01,7.7578e-01,2.0000e+00
7.7026e-01,8.8196e-01,1.0000e+00
2.5556e-01,2.8132e-01,0.0000e+00
2.9358e-01,3.2869e-01,0.0000e+00
1.4615e-01,7.5832e-01,2.0000e+00
1.2535e-01,7.1382e-01,2.0000e+00
9.2347e-01,4.7035e-01,1.0000e+00
6.6886e-01,6.7994e-01,1.0000e+00
2.1618e-01,3.2187e-01,0.0000e+00
6.1766e-01,7.8633e-01,1.0000e+00
6.2080e-01,4.1376e-01,1.0000e+00
1.7365e-01,8.5430e-01,2.0000e+00
3.3962e-01,8.1866e-01,2.0000e+00
2.3933e-01,2.3340e-01,0.0000e+00
7.8345e-01,4.8919e-01,1.0000e+00
8.6714e-01,8.5387e-01,1.0000e+00
8.0476e-01,8.0825e-01,1.0000e+00
2.3847e-01,3.8543e-01,0.0000e+00
1.4626e-01,9.3498e-01,2.0000e+00
7.2898e-01,4.5738e-01,1.0000e+00
7.8964e-01,8.7473e-01,1.0000e+00
3.2904e-01,7.0781e-01,2.0000e+00
1.2340e-01,9.0568e-01,2.0000e+00
7.8516e-01,4.6014e-01,1.0000e+00
2.1822e-01,8.5765e-01,2.0000e+00
2.7414e-01,2.3494e-01,0.0000e+00
8.5731e-01,7.1826e-01,1.0000e+00
2.2175e-01,2.7455e-01,0.0000e+00
2.6793e-01,2.2564e-01,0.0000e+00
8.6044e-01,6.0034e-01,1.0000e+00
6.6440e-01,7.7813e-01,1.0000e+00
1.1700e-01,9.0606e-01,2.0000e+00
2.6586e-01,8.2064e-01,2.0000e+00
2.7874e-01,3.4707e-01,0.0000e+00
7.8947e-01,5.9659e-01,1.0000e+00
7.3891e-01,4.7615e-01,1.0000e+00
1.6988e-01,8.5746e-01,2.0000e+00
8.2223e-01,5.1674e-01,1.0000e+00
7.4536e-01,5.3559e-01,1.0000e+00
2.5647e-01,7.5898e-01,2.0000e+00
1.2337e-01,7.6972e-01,2.0000e+00
1.8959e-01,7.2053e-01,2.0000e+00
3.1405e-01,7.4030e-01,2.0000e+00
2.4608e-01,3.6110e-01,0.0000e+00
1.6628e-01,9.1810e-01,2.0000e+00
7.8771e-01,7.6172e-01,1.0000e+00
2.2964e-01,3.4030e-01,0.0000e+00
2.5154e-01,8.3633e-01,2.0000e+00
3.0418e-01,8.9837e-01,2.0000e+00
7.8131e-01,4.5728e-01,1.0000e+00
9.2339e-01,7.6659e-01,1.0000e+00
3.0559e-01,7.4365e-01,2.0000e+00
2.7505e-01,2.5516e-01,0.0000e+00
2.4978e-01,7.6995e-01,2.0000e+00
2.4200e-01,3.7762e-01,0.0000e+00
7.3660e-01,4.6042e-01,1.0000e+00
8.3762e-01,7.8306e-01,1.0000e+00
2.9111e-01,7.5541e-01,2.0000e+00
2.1668e-01,2.2328e-01,0.0000e+00
1.4079e-01,9.4478e-01,2.0000e+00
2.7824e-01,3.9232e-01,0.0000e+00
2.8387e-01,7.3011e-01,2.0000e+00
6.6234e-01,8.2776e-01,1.0000e+00
2.2648e-01,3.6801e-01,0.0000e+00
7.9630e-01,6.7927e-01,1.0000e+00
1.2151e-01,9.0338e-01,2.0000e+00
1.3861e-01,8.9259e-01,2.0000e+00
2.6864e-01,2.2930e-01,0.0000e+00
2.2459e-01,9.4432e-01,2.0000e+00
2.1212e-01,7.6112e-01,2.0000e+00
2.6880e-01,2.3146e-01,0.0000e+00
2.7839e-01,2.8046e-01,0.0000e+00
2.4317e-01,8.5206e-01,2.0000e+00
7.4563e-01,5.9522e-01,1.0000e+00
2.2603e-01,2.1654e-01,0.0000e+00
2.2687e-01,2.3882e-01,0.0000e+00
2.3838e-01,3.2685e-01,0.0000e+00
2.6413e-01,7.0266e-01,2.0000e+00
3.3432e-01,7.9829e-01,2.0000e+00
2.3016e-01,7.0874e-01,2.0000e+00
7.1041e-01,6.2082e-01,1.0000e+00
2.1193e-01,2.6065e-01,0.0000e+00
2.8964e-01,3.8714e-01,0.0000e+00
2.9790e-01,3.8501e-01,0.0000e+00
2.4628e-01,7.0649e-01,2.0000e+00
2.8947e-01,9.2942e-01,2.0000e+00
2.7266e-01,2.4303e-01,0.0000e+00
7.5604e-01,8.0315e-01,1.0000e+00
3.1495e-01,9.3436e-01,2.0000e+00
2.6743e-01,2.0054e-01,0.0000e+00
2.7871e-01,3.0818e-01,0.0000e+00
2.5305e-01,3.0265e-01,0.0000e+00
1.5174e-01,8.8792e-01,2.0000e+00
2.1505e-01,2.9140e-01,0.0000e+00
3.3467e-01,8.8592e-01,2.0000e+00
7.8101e-01,4.1162e-01,1.0000e+00
7.9377e-01,5.3229e-01,1.0000e+00
2.9487e-01,3.1165e-01,0.0000e+00
1.1065e-01,8.9419e-01,2.0000e+00
2.0500e-01,3.8126e-01,0.0000e+00
3.3689e-01,8.2114e-01,2.0000e+00
2.6280e-01,2.4881e-01,0.0000e+00
7.4566e-01,5.0908e-01,1.0000e+00
1.9339e-01,8.8964e-01,2.0000e+00
6.0416e-01,5.1219e-01,1.0000e+00
1.9187e-01,8.9777e-01,2.0000e+00
6.8553e-01,8.4138e-01,1.0000e+00
2.0779e-01,3.6887e-01,0.0000e+00
8.3979e-01,7.0648e-01,1.0000e+00
1.3320e-01,7.5862e-01,2.0000e+00
2.4359e-01,3.4055e-01,0.0000e+00
1.1102e-01,7.5805e-01,2.0000e+00
7.3821e-01,8.9176e-01,1.0000e+00
3.4139e-01,7.3054e-01,2.0000e+00
8.8449e-01,5.7268e-01,1.0000e+00
8.6528e-01,4.1229e-01,1.0000e+00
8.5885e-01,8.5888e-01,1.0000e+00
2.4561e-01,2.7913e-01,0.0000e+00
2.3617e-01,2.4012e-01,0.0000e+00
2.2882e-01,7.6558e-01,2.0000e+00
7.5593e-01,4.5646e-01,1.0000e+00
2.6189e-01,2.1405e-01,0.0000e+00
8.7284e-01,7.8620e-01,1.0000e+00
2.1033e-01,7.7624e-01,2.0000e+00
6.7186e-01,5.6302e-01,1.0000e+00
7.6548e-01,6.8666e-01,1.0000e+00
2.4224e-01,3.0499e-01,0.0000e+00
8.1958e-01,6.5531e-01,1.0000e+00
1.3481e-01,8.1107e-01,2.0000e+00
2.6341e-01,9.2495e-01,2.0000e+00
2.0949e-01,8.4121e-01,2.0000e+00
2.8848e-01,2.8915e-01,0.0000e+00
6.2091e-01,5.8269e-01,1.0000e+00
2.1387e-01,2.6862e-01,0.0000e+00
8.8987e-01,6.3728e-01,1.0000e+00
2.7269e-01,9.0521e-01,2.0000e+00
2.6678e-01,3.4153e-01,0.0000e+00
2.0231e-01,7.0843e-01,2.0000e+00
9.0986e-01,4.1546e-01,1.0000e+00
2.2803e-01,8.7193e-01,2.0000e+00
2.7130e-01,2.7081e-01,0.0000e+00
2.7345e-01,2.4613e-01,0.0000e+00
7.1995e-01,7.7444e-01,1.0000e+00
9.1489e-01,5.0584e-01,1.0000e+00
9.1102e-01,8.9705e-01,1.0000e+00
2.2914e-01,8.2698e-01,2.0000e+00
2.6893e-01,2.6250e-01,0.0000e+00
2.1222e-01,3.2430e-01,0.0000e+00
2.5594e-01,7.3911e-01,2.0000e+00
2.0296e-01,3.6375e-01,0.0000e+00
2.3587e-01,3.8094e-01,0.0000e+00
1.5929e-01,7.0870e-01,2.0000e+00
2.5330e-01,3.7962e-01,0.0000e+00
8.8263e-01,6.7813e-01,1.0000e+00
8.9007e-01,4.2840e-01,1.0000e+00
1.5473e-01,7.3830e-01,2.0000e+00
2.5511e-01,2.1773e-01,0.0000e+00
2.1826e-01,3.5115e-01,0.0000e+00
3.1235e-01,8.5558e-01,2.0000e+00
2.8784e-01,3.4039e-01,0.0000e+00
2.7057e-01,2.9170e-01,0.0000e+00
2.7626e-01,3.9479e-01,0.0000e+00
8.9644e-01,6.6476e-01,1.0000e+00
2.8562e-01,2.2318e-01,0.0000e+00
3.0238e-01,8.1740e-01,2.0000e+00
3.4113e-01,7.6114e-01,2.0000e+00
2.6770e-01,3.0161e-01,0.0000e+00
2.9474e-01,3.9351e-01,0.0000e+00
1.4390e-01,9.4677e-01,2.0000e+00
3.4110e-01,7.8440e-01,2.0000e+00
6.1186e-01,4.9479e-01,1.0000e+00
8.3113e-01,4.2121e-01,1.0000e+00
7.5370e-01,8.8015e-01,1.0000e+00
2.5478e-01,3.0891e-01,0.0000e+00
6.0962e-01,4.3014e-01,1.0000e+00
7.6212e-01,6.8313e-01,1.0000e+00
2.7370e-01,3.4995e-01,0.0000e+00
1.7117e-01,7.4627e-01,2.0000e+00
1.4114e-01,8.2661e-01,2.0000e+00
1.9366e-01,7.1276e-01,2.0000e+00
2.9933e-01,9.3623e-01,2.0000e+00
2.9260e-01,2.9674e-01,0.0000e+00
8.9434e-01,7.2221e-01,1.0000e+00
2.0657e-01,2.4787e-01,0.0000e+00
2.4344e-01,2.0628e-01,0.0000e+00
2.6300e-01,2.4661e-01,0.0000e+00
6.1819e-01,6.4807e-01,1.0000e+00
1.6801e-01,9.2825e-01,2.0000e+00
1.3156e-01,8.5697e-01,2.0000e+00
9.2809e-01,8.6997e-01,1.0000e+00
7.3897e-01,8.3859e-01,1.0000e+00
2.7821e-01,3.4343e-01,0.0000e+00
2.3025e-01,3.2097e-01,0.0000e+00
1.4881e-01,8.9110e-01,2.0000e+00
2.6497e-01,3.0197e-01,0.0000e+00
7.3634e-01,8.1443e-01,1.0000e+00
2.6817e-01,7.1805e-01,2.0000e+00
9.2313e-01,6.6787e-01,1.0000e+00
2.4006e-01,2.5221e-01,0.0000e+00
1.7453e-01,7.8507e-01,2.0000e+00
8.1020e-01,7.1851e-01,1.0000e+00
2.3835e-01,7.4855e-01,2.0000e+00
2.0810e-01,8.2752e-01,2.0000e+00
2.8841e-01,3.8445e-01,0.0000e+00
2.1694e-01,3.3742e-01,0.0000e+00
2.8112e-01,8.9767e-01,2.0000e+00
8.2217e-01,5.4054e-01,1.0000e+00
1.5784e-01,8.9024e-01,2.0000e+00
9.0518e-01,7.2453e-01,1.0000e+00
1.7805e-01,9.1075e-01,2.0000e+00
8.2565e-01,8.9992e-01,1.0000e+00
1.9653e-01,8.1978e-01,2.0000e+00
1.3884e-01,7.3548e-01,2.0000e+00
1.8922e-01,7.5686e-01,2.0000e+00
2.3308e-01,3.8697e-01,0.0000e+00
2.8316e-01,3.8877e-01,0.0000e+00
6.0934e-01,5.2195e-01,1.0000e+00
2.2921e-01,2.2873e-01,0.0000e+00
1.8043e-01,7.6033e-01,2.0000e+00
9.0178e-01,7.8920e-01,1.0000e+00
2.5143e-01,2.3848e-01,0.0000e+00
3.4107e-01,9.3115e-01,2.0000e+00
2.5270e-01,2.0872e-01,0.0000e+00
7.1968e-01,8.0094e-01,1.0000e+00
2.3165e-01,3.8855e-01,0.0000e+00
2.5443e-01,7.9253e-01,2.0000e+00
2.7150e-01,3.8456e-01,0.0000e+00
2.5721e-01,8.9340e-01,2.0000e+00
2.3573e-01,3.8135e-01,0.0000e+00
2.9754e-01,2.2861e-01,0.0000e+00
8.6931e-01,5.3127e-01,1.0000e+00
1.4154e-01,8.1029e-01,2.0000e+00
2.1701e-01,2.9049e-01,0.0000e+00
3.0672e-01,9.4520e-01,2.0000e+00
2.7220e-01,2.2509e-01,0.0000e+00
6.8536e-01,5.3774e-01,1.0000e+00
6.7070e-01,6.0638e-01,1.0000e+00
9.1202e-01,6.2606e-01,1.0000e+00
8.3715e-01,8.7709e-01,1.0000e+00
9.2578e-01,6.0650e-01,1.0000e+00
6.1473e-01,4.3854e-01,1.0000e+00
2.1869e-01,7.5646e-01,2.0000e+00
1.7043e-01,7.4529e-01,2.0000e+00
8.0909e-01,8.7292e-01,1.0000e+00
7.7168e-01,4.9829e-01,1.0000e+00
7.1115e-01,5.9475e-01,1.0000e+00
2.7002e-01,7.9256e-01,2.0000e+00
2.6370e-01,3.2980e-01,0.0000e+00
8.9500e-01,4.6489e-01,1.0000e+00
6.7040e-01,7.8814e-01,1.0000e+00
7.9066e-01,8.9652e-01,1.0000e+00
2.6169e-01,7.4488e-01,2.0000e+00
8.0886e-01,7.7631e-01,1.0000e+00
1.6615e-01,7.6279e-01,2.0000e+00
2.9166e-01,2.6962e-01,0.0000e+00
3.1116e-01,8.6368e-01,2.0000e+00
1.1586e-01,7.0653e-01,2.0000e+00
8.8445e-01,4.8896e-01,1.0000e+00
9.0313e-01,8.3747e-01,1.0000e+00
2.0799e-01,2.5057e-01,0.0000e+00
2.6884e-01,3.3075e-01,0.0000e+00
2.4142e-01,3.9917e-01,0.0000e+00
7.2143e-01,8.2743e-01,1.0000e+00
2.1683e-01,3.6216e-01,0.0000e+00
3.4532e-01,9.4152e-01,2.0000e+00
3.3492e-01,7.8131e-01,2.0000e+00
7.4942e-01,5.5342e-01,1.0000e+00
2.2428e-01,3.0002e-01,0.0000e+00
2.7590e-01,3.1042e-01,0.0000e+00
1.8342e-01,8.5406e-01,2.0000e+00
3.3359e-01,8.0398e-01,2.0000e+00
2.2129e-01,3.8108e-01,0.0000e+00
2.8219e-01,3.4550e-01,0.0000e+00
9.1270e-01,4.7139e-01,1.0000e+00
2.0144e-01,3.0476e-01,0.0000e+00
7.6653e-01,8.8506e-01,1.0000e+00
8.0017e-01,6.9851e-01,1.0000e+00
1.7095e-01,8.3666e-01,2.0000e+00
2.3968e-01,8.3558e-01,2.0000e+00
2.8544e-01,2.8132e-01,0.0000e+00
1.2034e-01,7.0170e-01,2.0000e+00
2.7038e-01,3.4772e-01,0.0000e+00
6.8561e-01,5.9879e-01,1.0000e+00
3.2663e-01,8.9005e-01,2.0000e+00
8.3074e-01,6.7949e-01,1.0000e+00
2.5397e-01,2.8946e-01,0.0000e+00
2.5116e-01,3.5303e-01,0.0000e+00
2.1460e-01,2.9800e-01,0.0000e+00
6.6160e-01,8.9754e-01,1.0000e+00
2.3024e-01,2.2142e-01,0.0000e+00
1.7377e-01,9.3204e-01,2.0000e+00
8.3874e-01,8.2884e-01,1.0000e+00
2.0664e-01,7.5641e-01,2.0000e+00
8.3630e-01,4.3741e-01,1.0000e+00
2.8091e-01,3.3391e-01,0.0000e+00
6.3489e-01,5.2861e-01,1.0000e+00
2.8681e-01,3.0289e-01,0.0000e+00
2.6526e-01,3.1164e-01,0.0000e+00
7.4813e-01,4.1078e-01,1.0000e+00
7.9196e-01,4.3945e-01,1.0000e+00
1.1141e-01,7.9573e-01,2.0000e+00
1.5894e-01,8.3463e-01,2.0000e+00
8.1909e-01,4.5674e-01,1.0000e+00
1.2418e-01,7.9641e-01,2.0000e+00
2.4688e-01,3.8384e-01,0.0000e+00
3.3140e-01,7.3854e-01,2.0000e+00
2.8742e-01,2.8744e-01,0.0000e+00
1.9875e-01,8.1626e-01,2.0000e+00
8.0416e-01,4.8707e-01,1.0000e+00
2.5081e-01,7.9325e-01,2.0000e+00
9.2067e-01,5.6406e-01,1.0000e+00
2.1934e-01,3.4054e-01,0.0000e+00
2.6022e-01,2.6603e-01,0.0000e+00
1.3407e-01,8.7031e-01,2.0000e+00
2.1125e-01,2.1133e-01,0.0000e+00
8.6712e-01,5.5618e-01,1.0000e+00
2.6503e-01,2.0200e-01,0.0000e+00
7.3477e-01,5.8043e-01,1.0000e+00
1.3829e-01,7.6629e-01,2.0000e+00
2.1065e-01,9.0095e-01,2.0000e+00
8.6378e-01,5.8419e-01,1.0000e+00
2.9312e-01,3.8020e-01,0.0000e+00
1.1564e-01,9.4722e-01,2.0000e+00
2.0591e-01,2.2533e-01,0.0000e+00
7.6141e-01,8.9973e-01,1.0000e+00
2.1056e-01,2.8090e-01,0.0000e+00
2.0308e-01,8.4721e-01,2.0000e+00
3.2425e-01,9.0517e-01,2.0000e+00
7.4786e-01,6.4022e-01,1.0000e+00
2.0626e-01,9.4730e-01,2.0000e+00
3.2394e-01,7.8324e-01,2.0000e+00
2.8671e-01,3.4604e-01,0.0000e+00
6.9399e-01,5.4494e-01,1.0000e+00
3.0860e-01,7.9726e-01,2.0000e+00
2.0801e-01,3.5788e-01,0.0000e+00
9.2607e-01,6.1059e-01,1.0000e+00
7.0592e-01,4.7996e-01,1.0000e+00
8.3703e-01,6.0441e-01,1.0000e+00
1.9398e-01,8.0614e-01,2.0000e+00
7.0793e-01,5.1337e-01,1.0000e+00
2.7635e-01,3.6979e-01,0.0000e+00
6.8947e-01,8.9159e-01,1.0000e+00
2.0723e-01,3.8850e-01,0.0000e+00
8.2958e-01,6.6466e-01,1.0000e+00
1.7066e-01,7.3807e-01,2.0000e+00
2.9526e-01,3.2621e-01,0.0000e+00
2.3725e-01,8.4519e-01,2.0000e+00
1.4572e-01,8.9501e-01,2.0000e+00
8.4918e-01,7.6902e-01,1.0000e+00
2.3375e-01,3.0441e-01,0.0000e+00
2.4104e-01,7.8688e-01,2.0000e+00
2.5061e-01,7.7641e-01,2.0000e+00
8.5815e-01,5.1290e-01,1.0000e+00
3.1669e-01,8.6456e-01,2.0000e+00
2.5223e-01,2.5345e-01,0.0000e+00
2.9749e-01,9.4028e-01,2.0000e+00
7.1789e-01,6.0358e-01,1.0000e+00
2.5252e-01,2.2406e-01,0.0000e+00
2.5541e-01,2.7033e-01,0.0000e+00
2.2241e-01,2.0330e-01,0.0000e+00
3.2930e-01,9.0208e-01,2.0000e+00
6.8727e-01,6.0390e-01,1.0000e+00
7.2113e-01,5.3367e-01,1.0000e+00
8.0883e-01,6.3469e-01,1.0000e+00
7.2764e-01,4.2340e-01,1.0000e+00
2.1889e-01,7.4152e-01,2.0000e+00
2.1403e-01,3.6697e-01,0.0000e+00
2.7531e-01,2.0732e-01,0.0000e+00
2.5953e-01,2.4610e-01,0.0000e+00
8.3089e-01,8.0444e-01,1.0000e+00
2.2082e-01,3.9035e-01,0.0000e+00
7.4684e-01,6.2676e-01,1.0000e+00
3.1783e-01,8.7175e-01,2.0000e+00
3.1356e-01,8.5629e-01,2.0000e+00
3.4809e-01,9.2617e-01,2.0000e+00
6.9960e-01,4.8707e-01,1.0000e+00
6.6176e-01,7.1045e-01,1.0000e+00
2.2967e-01,8.7095e-01,2.0000e+00
6.0859e-01,6.8155e-01,1.0000e+00
8.8909e-01,5.6779e-01,1.0000e+00
2.8477e-01,3.4360e-01,0.0000e+00
1.2622e-01,9.3207e-01,2.0000e+00
2.1764e-01,3.1389e-01,0.0000e+00
7.9231e-01,7.9389e-01,1.0000e+00
1.3497e-01,9.4800e-01,2.0000e+00
7.6760e-01,4.2584e-01,1.0000e+00
2.2473e-01,3.2948e-01,0.0000e+00
7.7170e-01,4.9833e-01,1.0000e+00
1.2979e-01,7.4906e-01,2.0000e+00
6.7472e-01,5.7990e-01,1.0000e+00
2.8449e-01,2.9325e-01,0.0000e+00
2.5059e-01,2.5486e-01,0.0000e+00
2.2898e-01,8.6710e-01,2.0000e+00
2.3667e-01,2.2591e-01,0.0000e+00
2.5264e-01,2.0265e-01,0.0000e+00
9.0939e-01,4.7602e-01,1.0000e+00
2.1665e-01,3.0940e-01,0.0000e+00
2.4589e-01,2.9055e-01,0.0000e+00
1.5931e-01,8.5210e-01,2.0000e+00
1.8905e-01,9.3628e-01,2.0000e+00
8.5479e-01,4.6222e-01,1.0000e+00
7.8327e-01,4.1482e-01,1.0000e+00
7.8680e-01,5.4097e-01,1.0000e+00
6.5035e-01,6.5912e-01,1.0000e+00
8.2566e-01,5.3514e-01,1.0000e+00
1.7050e-01,7.6375e-01,2.0000e+00
2.8948e-01,9.1166e-01,2.0000e+00
2.8736e-01,3.8377e-01,0.0000e+00
2.5151e-01,7.5495e-01,2.0000e+00
7.6039e-01,8.9586e-01,1.0000e+00
7.7020e-01,8.2104e-01,1.0000e+00
2.7448e-01,3.1795e-01,0.0000e+00
6.1567e-01,7.4262e-01,1.0000e+00
1.7021e-01,7.1453e-01,2.0000e+00
2.5610e-01,2.8601e-01,0.0000e+00
2.7713e-01,9.1095e-01,2.0000e+00
1.5906e-01,8.5060e-01,2.0000e+00
7.9850e-01,4.4825e-01,1.0000e+00
7.3727e-01,4.3831e-01,1.0000e+00
7.3183e-01,4.0837e-01,1.0000e+00
1.3372e-01,8.7906e-01,2.0000e+00
2.2283e-01,2.8539e-01,0.0000e+00
6.6991e-01,6.2826e-01,1.0000e+00
8.0340e-01,7.6034e-01,1.0000e+00
1.2810e-01,9.4776e-01,2.0000e+00
2.2376e-01,3.7608e-01,0.0000e+00
1.5478e-01,8.3301e-01,2.0000e+00
2.0139e-01,8.4681e-01,2.0000e+00
1.9758e-01,7.5636e-01,2.0000e+00
3.1936e-01,7.2767e-01,2.0000e+00
2.2322e-01,3.6900e-01,0.0000e+00
7.2230e-01,5.9693e-01,1.0000e+00
2.9066e-01,3.9665e-01,0.0000e+00
6.6642e-01,5.7113e-01,1.0000e+00
1.3666e-01,9.4621e-01,2.0000e+00
7.0835e-01,5.6426e-01,1.0000e+00
2.0544e-01,3.4947e-01,0.0000e+00
7.4747e-01,8.0757e-01,1.0000e+00
2.0431e-01,3.6794e-01,0.0000e+00
7.9168e-01,7.7453e-01,1.0000e+00
2.7498e-01,8.6689e-01,2.0000e+00
2.2906e-01,3.2918e-01,0.0000e+00
1.3828e-01,7.2799e-01,2.0000e+00
9.3082e-01,4.7389e-01,1.0000e+00
2.8860e-01,3.5505e-01,0.0000e+00
2.0481e-01,2.7206e-01,0.0000e+00
2.1209e-01,7.7063e-01,2.0000e+00
3.4663e-01,7.6119e-01,2.0000e+00
7.9777e-01,4.8550e-01,1.0000e+00
1.4965e-01,8.3133e-01,2.0000e+00
1.6303e-01,9.3635e-01,2.0000e+00
2.0230e-01,3.5086e-01,0.0000e+00
3.3701e-01,8.2380e-01,2.0000e+00
8.4054e-01,6.8816e-01,1.0000e+00
8.3869e-01,5.2324e-01,1.0000e+00
2.2369e-01,8.8505e-01,2.0000e+00
9.1479e-01,6.9486e-01,1.0000e+00
8.4074e-01,8.3281e-01,1.0000e+00
1.4796e-01,7.1184e-01,2.0000e+00
7.6060e-01,8.1746e-01,1.0000e+00
2.2242e-01,2.8358e-01,0.0000e+00
2.8448e-01,3.9703e-01,0.0000e+00
2.8894e-01,8.8036e-01,2.0000e+00
2.7064e-01,2.0910e-01,0.0000e+00
2.5838e-01,3.1338e-01,0.0000e+00
2.9188e-01,8.5596e-01,2.0000e+00
6.3276e-01,4.6328e-01,1.0000e+00
9.2590e-01,4.8090e-01,1.0000e+00
8.1558e-01,8.0521e-01,1.0000e+00
2.0851e-01,2.6636e-01,0.0000e+00
2.8287e-01,2.6083e-01,0.0000e+00
9.2925e-01,6.2165e-01,1.0000e+00
6.1587e-01,7.9213e-01,1.0000e+00
3.1396e-01,7.4554e-01,2.0000e+00
2.4001e-01,3.1414e-01,0.0000e+00
2.0611e-01,3.3187e-01,0.0000e+00
3.4279e-01,7.2109e-01,2.0000e+00
6.5061e-01,7.6140e-01,1.0000e+00
8.4901e-01,6.0031e-01,1.0000e+00
6.1550e-01,5.0519e-01,1.0000e+00
2.6308e-01,7.6191e-01,2.0000e+00
2.0048e-01,2.0662e-01,0.0000e+00
2.9841e-01,3.4827e-01,0.0000e+00
2.0275e-01,8.0089e-01,2.0000e+00
8.2410e-01,7.0209e-01,1.0000e+00
2.1341e-01,2.6176e-01,0.0000e+00
7.4537e-01,5.1391e-01,1.0000e+00
2.0479e-01,2.6290e-01,0.0000e+00
3.0050e-01,8.9798e-01,2.0000e+00
2.3333e-01,7.1714e-01,2.0000e+00
2.1176e-01,8.4778e-01,2.0000e+00
2.8313e-01,7.9718e-01,2.0000e+00
1.1176e-01,8.5827e-01,2.0000e+00
6.3090e-01,7.2555e-01,1.0000e+00
9.1908e-01,6.6212e-01,1.0000e+00
2.5221e-01,3.6251e-01,0.0000e+00
7.5734e-01,8.0557e-01,1.0000e+00
1.0897e-01,7.3795e-01,2.0000e+00
2.7120e-01,3.5875e-01,0.0000e+00
9.0155e-01,5.4444e-01,1.0000e+00
2.1319e-01,2.0997e-01,0.0000e+00
2.5969e-01,2.8906e-01,0.0000e+00
9.1882e-01,6.0561e-01,1.0000e+00
9.0832e-01,8.9811e-01,1.0000e+00
2.6124e-01,2.6911e-01,0.0000e+00
7.8765e-01,6.0382e-01,1.0000e+00
2.0298e-01,3.1554e-01,0.0000e+00
2.4621e-01,2.4909e-01,0.0000e+00
2.4042e-01,7.9966e-01,2.0000e+00
2.1418e-01,9.0491e-01,2.0000e+00
2.3763e-01,2.0147e-01,0.0000e+00
2.3091e-01,2.1068e-01,0.0000e+00
2.1778e-01,3.8290e-01,0.0000e+00
2.7309e-01,2.6759e-01,0.0000e+00
2.0445e-01,3.3750e-01,0.0000e+00
9.1352e-01,4.1957e-01,1.0000e+00
2.8193e-01,3.0377e-01,0.0000e+00
2.2190e-01,7.3150e-01,2.0000e+00
2.4176e-01,3.0419e-01,0.0000e+00
2.9198e-01,3.9873e-01,0.0000e+00
8.3253e-01,8.5145e-01,1.0000e+00
1.3041e-01,8.5586e-01,2.0000e+00
2.2852e-01,2.3284e-01,0.0000e+00
7.3555e-01,5.2599e-01,1.0000e+00
2.6290e-01,2.1976e-01,0.0000e+00
2.6885e-01,8.0707e-01,2.0000e+00
2.6700e-01,9.0564e-01,2.0000e+00
3.1951e-01,9.2658e-01,2.0000e+00
2.1058e-01,3.3546e-01,0.0000e+00
7.4460e-01,6.8829e-01,1.0000e+00
2.8748e-01,3.4202e-01,0.0000e+00
1.9781e-01,7.2750e-01,2.0000e+00
3.3992e-01,7.5738e-01,2.0000e+00
2.9996e-01,2.0350e-01,0.0000e+00
2.5742e-01,3.3962e-01,0.0000e+00
2.1493e-01,2.1599e-01,0.0000e+00
2.6208e-01,7.3966e-01,2.0000e+00
2.1393e-01,2.2806e-01,0.0000e+00
1.3870e-01,8.9314e-01,2.0000e+00
3.3733e-01,9.1211e-01,2.0000e+00
2.5687e-01,3.3261e-01,0.0000e+00
7.8901e-01,7.7432e-01,1.0000e+00
2.5315e-01,7.3685e-01,2.0000e+00
9.1196e-01,7.1827e-01,1.0000e+00
2.9549e-01,3.0308e-01,0.0000e+00
8.7335e-01,5.3168e-01,1.0000e+00
3.0213e-01,8.4274e-01,2.0000e+00
2.9692e-01,3.4409e-01,0.0000e+00
2.2577e-01,2.1111e-01,0.0000e+00
2.7182e-01,3.1210e-01,0.0000e+00
6.2782e-01,8.8497e-01,1.0000e+00
2.2915e-01,8.0769e-01,2.0000e+00
1.0212e-01,7.7955e-01,2.0000e+00
2.0815e-01,7.6823e-01,2.0000e+00
1.1713e-01,8.0427e-01,2.0000e+00
6.7783e-01,8.0486e-01,1.0000e+00
2.9891e-01,3.8044e-01,0.0000e+00
2.2199e-01,7.9769e-01,2.0000e+00
7.4664e-01,8.0546e-01,1.0000e+00
7.6330e-01,6.2693e-01,1.0000e+00
2.8032e-01,2.9697e-01,0.0000e+00
6.2217e-01,7.6225e-01,1.0000e+00
8.3352e-01,6.5723e-01,1.0000e+00
1.6314e-01,7.2215e-01,2.0000e+00
1.9847e-01,7.7185e-01,2.0000e+00
2.3526e-01,8.3150e-01,2.0000e+00
3.1740e-01,8.1266e-01,2.0000e+00
2.7068e-01,3.6902e-01,0.0000e+00
1.2627e-01,8.6021e-01,2.0000e+00
8.7560e-01,7.4911e-01,1.0000e+00
2.3428e-01,2.4723e-01,0.0000e+00
8.4867e-01,4.9303e-01,1.0000e+00
2.0690e-01,7.0730e-01,2.0000e+00
9.1033e-01,8.1469e-01,1.0000e+00
2.4296e-01,3.1634e-01,0.0000e+00
9.0000e-01,5.3763e-01,1.0000e+00
2.8645e-01,2.1356e-01,0.0000e+00
2.4160e-01,3.1197e-01,0.0000e+00
1.1029e-01,7.9338e-01,2.0000e+00
2.6920e-01,2.6759e-01,0.0000e+00
2.8969e-01,3.4124e-01,0.0000e+00
6.2288e-01,7.2582e-01,1.0000e+00
2.0694e-01,3.6123e-01,0.0000e+00
2.2113e-01,2.1457e-01,0.0000e+00
2.0737e-01,2.5210e-01,0.0000e+00
1.0293e-01,8.9912e-01,2.0000e+00
2.5443e-01,3.1590e-01,0.0000e+00
6.9626e-01,8.7128e-01,1.0000e+00
2.5362e-01,3.3583e-01,0.0000e+00
2.0577e-01,3.9594e-01,0.0000e+00
1.8046e-01,7.9028e-01,2.0000e+00
1.9953e-01,7.8231e-01,2.0000e+00
8.7827e-01,7.5758e-01,1.0000e+00
7.0360e-01,4.5650e-01,1.0000e+00
2.4843e-01,3.1611e-01,0.0000e+00
2.6099e-01,2.7593e-01,0.0000e+00
8.4148e-01,8.9084e-01,1.0000e+00
6.1011e-01,7.3572e-01,1.0000e+00
9.0136e-01,4.7316e-01,1.0000e+00
2.0259e-01,9.4166e-01,2.0000e+00
2.8032e-01,3.8203e-01,0.0000e+00
7.7531e-01,5.8664e-01,1.0000e+00
3.3675e-01,7.9834e-01,2.0000e+00
2.3838e-01,3.2906e-01,0.0000e+00
8.4598e-01,5.2391e-01,1.0000e+00
2.3694e-01,2.0975e-01,0.0000e+00
2.3608e-01,3.8293e-01,0.0000e+00
1.3297e-01,7.4210e-01,2.0000e+00
2.2530e-01,3.7935e-01,0.0000e+00
1.6669e-01,9.1613e-01,2.0000e+00
2.6941e-01,7.9270e-01,2.0000e+00
1.1782e-01,8.3172e-01,2.0000e+00
1.7989e-01,7.0536e-01,2.0000e+00
2.3460e-01,3.8405e-01,0.0000e+00
2.6927e-01,3.3895e-01,0.0000e+00
2.3121e-01,2.6538e-01,0.0000e+00
7.1483e-01,6.8225e-01,1.0000e+00
7.7113e-01,6.4102e-01,1.0000e+00
2.9908e-01,2.0773e-01,0.0000e+00
3.2560e-01,8.0193e-01,2.0000e+00
7.5916e-01,8.6280e-01,1.0000e+00
7.3608e-01,6.8171e-01,1.0000e+00
2.3555e-01,2.8530e-01,0.0000e+00
8.0611e-01,8.4315e-01,1.0000e+00
2.4270e-01,3.9831e-01,0.0000e+00
2.3231e-01,3.4825e-01,0.0000e+00
7.7343e-01,4.7328e-01,1.0000e+00
1.5625e-01,7.3851e-01,2.0000e+00
8.6542e-01,6.1725e-01,1.0000e+00
9.0621e-01,5.3485e-01,1.0000e+00
9.1964e-01,4.6151e-01,1.0000e+00
6.7220e-01,6.2086e-01,1.0000e+00
1.6840e-01,7.1431e-01,2.0000e+00
8.5497e-01,6.7648e-01,1.0000e+00
2.3169e-01,8.7581e-01,2.0000e+00
1.1979e-01,8.9590e-01,2.0000e+00
1.2616e-01,7.8360e-01,2.0000e+00
2.0911e-01,3.4857e-01,0.0000e+00
2.7665e-01,9.2940e-01,2.0000e+00
2.1187e-01,2.8716e-01,0.0000e+00
6.0701e-01,4.9811e-01,1.0000e+00
1.5163e-01,8.2773e-01,2.0000e+00
2.7336e-01,2.3825e-01,0.0000e+00
8.5799e-01,8.5592e-01,1.0000e+00
7.7471e-01,7.3620e-01,1.0000e+00
2.0073e-01,7.3767e-01,2.0000e+00
6.9060e-01,7.9938e-01,1.0000e+00
8.9639e-01,6.9367e-01,1.0000e+00
2.2019e-01,3.3964e-01,0.0000e+00
2.4784e-01,2.0676e-01,0.0000e+00
2.1705e-01,7.0531e-01,2.0000e+00
2.3399e-01,7.4334e-01,2.0000e+00
2.5382e-01,2.0676e-01,0.0000e+00
8.5772e-01,4.8719e-01,1.0000e+00
2.6731e-01,3.8212e-01,0.0000e+00
9.1538e-01,5.1529e-01,1.0000e+00
8.4552e-01,8.2333e-01,1.0000e+00
2.2018e-01,3.8622e-01,0.0000e+00
8.6536e-01,4.6301e-01,1.0000e+00
7.8117e-01,5.5481e-01,1.0000e+00
1.7825e-01,8.9297e-01,2.0000e+00
3.3362e-01,7.8036e-01,2.0000e+00
6.3042e-01,4.5606e-01,1.0000e+00
6.1683e-01,4.2517e-01,1.0000e+00
2.3310e-01,3.8648e-01,0.0000e+00
2.4724e-01,3.3421e-01,0.0000e+00
2.9281e-01,2.8936e-01,0.0000e+00
2.6394e-01,3.5668e-01,0.0000e+00
7.7088e-01,5.2779e-01,1.0000e+00
2.8210e-01,2.5600e-01,0.0000e+00
7.8168e-01,4.4858e-01,1.0000e+00
2.3422e-01,9.0810e-01,2.0000e+00
8.3946e-01,6.2112e-01,1.0000e+00
1.9808e-01,9.4208e-01,2.0000e+00
9.0506e-01,8.6701e-01,1.0000e+00
6.2775e-01,5.4560e-01,1.0000e+00
7.0688e-01,5.2086e-01,1.0000e+00
2.7174e-01,3.4728e-01,0.0000e+00
1.3478e-01,9.0308e-01,2.0000e+00
2.0259e-01,2.5001e-01,0.0000e+00
2.6866e-01,2.7703e-01,0.0000e+00
2.6481e-01,2.2228e-01,0.0000e+00
8.8477e-01,5.9825e-01,1.0000e+00
2.9371e-01,7.2611e-01,2.0000e+00
2.3458e-01,8.4359e-01,2.0000e+00
2.9225e-01,8.3813e-01,2.0000e+00
1.9699e-01,7.8611e-01,2.0000e+00
6.7785e-01,5.2357e-01,1.0000e+00
2.1292e-01,2.4948e-01,0.0000e+00
2.8180e-01,2.4981e-01,0.0000e+00
1.1792e-01,7.3618e-01,2.0000e+00
2.8794e-01,8.4186e-01,2.0000e+00
7.9654e-01,5.6546e-01,1.0000e+00
2.8776e-01,2.9817e-01,0.0000e+00
3.2356e-01,8.3583e-01,2.0000e+00
2.2563e-01,3.3944e-01,0.0000e+00
2.3301e-01,7.2011e-01,2.0000e+00
8.4103e-01,6.7131e-01,1.0000e+00
7.6144e-01,6.0370e-01,1.0000e+00
6.5671e-01,7.2631e-01,1.0000e+00
2.7805e-01,8.4015e-01,2.0000e+00
7.1666e-01,7.3792e-01,1.0000e+00
2.8171e-01,2.5129e-01,0.0000e+00
2.5929e-01,3.8697e-01,0.0000e+00
6.3077e-01,4.3179e-01,1.0000e+00
2.9570e-01,2.2576e-01,0.0000e+00
2.2765e-01,3.8270e-01,0.0000e+00
8.5806e-01,8.9702e-01,1.0000e+00
2.2113e-01,3.9148e-01,0.0000e+00
2.8566e-01,2.3744e-01,0.0000e+00
2.0151e-01,2.3151e-01,0.0000e+00
2.2322e-01,7.0949e-01,2.0000e+00
3.3816e-01,7.4313e-01,2.0000e+00
2.2896e-01,3.7263e-01,0.0000e+00
2.9283e-01,3.4619e-01,0.0000e+00
2.5238e-01,3.1208e-01,0.0000e+00
3.4140e-01,7.6408e-01,2.0000e+00
2.0506e-01,2.5190e-01,0.0000e+00
2.8951e-01,7.0123e-01,2.0000e+00
2.1614e-01,9.0872e-01,2.0000e+00
6.0813e-01,5.9679e-01,1.0000e+00
9.3208e-01,5.3095e-01,1.0000e+00
2.5836e-01,2.5190e-01,0.0000e+00
2.3648e-01,2.9270e-01,0.0000e+00
7.6232e-01,4.0569e-01,1.0000e+00
2.5756e-01,3.8068e-01,0.0000e+00
2.9042e-01,2.8451e-01,0.0000e+00
1.7716e-01,8.1798e-01,2.0000e+00
8.5790e-01,5.5103e-01,1.0000e+00
6.6299e-01,5.3612e-01,1.0000e+00
8.1197e-01,4.1771e-01,1.0000e+00
8.7293e-01,7.2210e-01,1.0000e+00
2.3106e-01,3.6672e-01,0.0000e+00
7.5071e-01,7.2423e-01,1.0000e+00
2.9960e-01,3.9316e-01,0.0000e+00
3.3558e-01,7.6725e-01,2.0000e+00
6.7302e-01,7.2288e-01,1.0000e+00
7.7417e-01,6.0044e-01,1.0000e+00
9.1690e-01,4.6711e-01,1.0000e+00
6.2043e-01,8.0522e-01,1.0000e+00
2.3772e-01,2.8249e-01,0.0000e+00
1.9458e-01,9.3888e-01,2.0000e+00
8.0838e-01,4.0755e-01,1.0000e+00
8.0187e-01,7.9569e-01,1.0000e+00
9.3071e-01,7.6774e-01,1.0000e+00
2.4160e-01,8.4793e-01,2.0000e+00
2.1695e-01,2.6769e-01,0.0000e+00
6.1480e-01,8.2013e-01,1.0000e+00
2.1070e-01,2.0672e-01,0.0000e+00
1.3000e-01,9.3326e-01,2.0000e+00
1.1816e-01,8.1026e-01,2.0000e+00
7.8587e-01,6.4860e-01,1.0000e+00
9.2582e-01,7.2596e-01,1.0000e+00
2.8464e-01,3.2546e-01,0.0000e+00
2.5955e-01,2.1764e-01,0.0000e+00
8.3967e-01,6.3463e-01,1.0000e+00
6.0031e-01,7.4365e-01,1.0000e+00
8.3495e-01,4.6944e-01,1.0000e+00
9.2775e-01,8.4538e-01,1.0000e+00
2.5836e-01,2.0637e-01,0.0000e+00
3.0041e-01,8.3766e-01,2.0000e+00
2.8223e-01,3.6928e-01,0.0000e+00
2.6056e-01,8.3272e-01,2.0000e+00
8.0799e-01,8.2507e-01,1.0000e+00
8.5101e-01,5.1291e-01,1.0000e+00
2.7550e-01,9.4210e-01,2.0000e+00
1.9867e-01,7.5841e-01,2.0000e+00
2.5670e-01,8.1969e-01,2.0000e+00
2.0463e-01,7.2656e-01,2.0000e+00
8.5601e-01,5.9853e-01,1.0000e+00
1.4442e-01,9.3745e-01,2.0000e+00
1.5816e-01,7.1304e-01,2.0000e+00
7.6606e-01,5.5696e-01,1.0000e+00
2.2012e-01,3.3544e-01,0.0000e+00
6.1355e-01,4.7824e-01,1.0000e+00
2.8158e-01,9.1958e-01,2.0000e+00
2.3904e-01,3.6549e-01,0.0000e+00
7.5380e-01,5.8790e-01,1.0000e+00
2.3190e-01,3.9207e-01,0.0000e+00
2.8303e-01,8.5982e-01,2.0000e+00
2.3439e-01,7.5065e-01,2.0000e+00
1.6141e-01,9.4798e-01,2.0000e+00
2.9608e-01,3.8538e-01,0.0000e+00
2.6733e-01,3.0280e-01,0.0000e+00
9.2212e-01,7.4743e-01,1.0000e+00
2.0527e-01,8.9847e-01,2.0000e+00
2.1568e-01,3.0490e-01,0.0000e+00
8.1324e-01,6.0598e-01,1.0000e+00
2.1394e-01,8.3568e-01,2.0000e+00
2.9392e-01,7.8685e-01,2.0000e+00
2.0933e-01,2.3801e-01,0.0000e+00
2.0360e-01,2.4079e-01,0.0000e+00
2.0836e-01,3.9539e-01,0.0000e+00
2.2197e-01,3.8766e-01,0.0000e+00
3.1896e-01,8.5245e-01,2.0000e+00
6.3177e-01,5.7559e-01,1.0000e+00
8.2809e-01,4.4611e-01,1.0000e+00
2.5706e-01,3.9883e-01,0.0000e+00
2.3294e-01,3.2748e-01,0.0000e+00
2.5379e-01,2.3141e-01,0.0000e+00
1.4435e-01,9.2725e-01,2.0000e+00
8.4519e-01,5.4673e-01,1.0000e+00
6.4709e-01,8.7367e-01,1.0000e+00
7.4967e-01,6.1647e-01,1.0000e+00
2.6857e-01,3.0181e-01,0.0000e+00
2.9257e-01,3.1645e-01,0.0000e+00
2.5115e-01,2.6643e-01,0.0000e+00
7.1505e-01,8.6393e-01,1.0000e+00
2.8032e-01,3.8727e-01,0.0000e+00
1.4043e-01,8.9858e-01,2.0000e+00
2.3555e-01,8.3892e-01,2.0000e+00
3.3325e-01,9.4755e-01,2.0000e+00
3.0727e-01,8.7195e-01,2.0000e+00
8.6024e-01,6.7080e-01,1.0000e+00
8.8866e-01,6.1514e-01,1.0000e+00
1.0496e-01,8.0382e-01,2.0000e+00
2.0710e-01,3.1650e-01,0.0000e+00
2.9358e-01,2.9121e-01,0.0000e+00
6.3809e-01,7.9056e-01,1.0000e+00
6.8522e-01,5.9858e-01,1.0000e+00
7.6055e-01,8.6787e-01,1.0000e+00
2.9429e-01,3.8564e-01,0.0000e+00
2.1318e-01,8.1684e-01,2.0000e+00
2.9855e-01,2.5171e-01,0.0000e+00
1.3873e-01,7.8968e-01,2.0000e+00
6.7511e-01,4.1821e-01,1.0000e+00
1.7749e-01,9.3521e-01,2.0000e+00
2.9155e-01,8.9173e-01,2.0000e+00
2.3473e-01,8.4417e-01,2.0000e+00
7.0791e-01,6.9833e-01,1.0000e+00
2.4967e-01,8.0850e-01,2.0000e+00
2.5727e-01,3.8299e-01,0.0000e+00
6.7547e-01,5.8674e-01,1.0000e+00
2.3179e-01,3.5705e-01,0.0000e+00
6.4960e-01,6.9733e-01,1.0000e+00
8.8970e-01,6.0219e-01,1.0000e+00
3.4828e-01,8.7245e-01,2.0000e+00
2.8921e-01,3.2829e-01,0.0000e+00
2.0123e-01,2.4720e-01,0.0000e+00
1.8529e-01,8.0008e-01,2.0000e+00
2.3963e-01,3.4205e-01,0.0000e+00
8.3677e-01,5.4883e-01,1.0000e+00
8.3712e-01,8.3956e-01,1.0000e+00
1.3573e-01,9.4934e-01,2.0000e+00
2.8503e-01,2.6148e-01,0.0000e+00
1.7263e-01,8.6956e-01,2.0000e+00
7.0655e-01,8.1493e-01,1.0000e+00
8.4029e-01,8.0424e-01,1.0000e+00
2.6007e-01,2.1310e-01,0.0000e+00
6.2102e-01,5.4396e-01,1.0000e+00
2.7473e-01,2.4218e-01,0.0000e+00
8.5154e-01,4.7431e-01,1.0000e+00
3.4264e-01,8.4541e-01,2.0000e+00
7.6106e-01,5.5830e-01,1.0000e+00
2.6323e-01,2.8486e-01,0.0000e+00
2.6012e-01,3.2426e-01,0.0000e+00
1.4496e-01,8.8527e-01,2.0000e+00
2.0402e-01,3.8920e-01,0.0000e+00
1.1033e-01,7.4160e-01,2.0000e+00
6.7356e-01,8.5289e-01,1.0000e+00
8.1269e-01,8.1886e-01,1.0000e+00
2.2771e-01,3.2014e-01,0.0000e+00
2.0979e-01,2.8861e-01,0.0000e+00
2.5693e-01,3.8314e-01,0.0000e+00
9.0963e-01,4.3137e-01,1.0000e+00
6.7128e-01,5.6302e-01,1.0000e+00
6.2669e-01,6.6101e-01,1.0000e+00
2.3682e-01,2.8031e-01,0.0000e+00
2.1514e-01,3.5612e-01,0.0000e+00
2.1865e-01,7.1986e-01,2.0000e+00
2.8066e-01,2.0899e-01,0.0000e+00
2.3095e-01,2.5891e-01,0.0000e+00
1.7494e-01,7.1068e-01,2.0000e+00
2.3083e-01,3.5055e-01,0.0000e+00
1.5205e-01,9.3042e-01,2.0000e+00
2.9014e-01,3.2522e-01,0.0000e+00
3.1857e-01,8.5956e-01,2.0000e+00
